Workbook

Sheet Cover
A2: INTEGRATION TEST CASE (ITC) - CHIẾN LƯỢC SANDWICH
A4: Project Name | B4: GameRent - Website Cho Thuê Tài Khoản Game Tự Động 24/7 | D4: Creator | E4: Nhóm 15 - Lớp Kiểm thử phần mềm-1-1-26(N05)
A5: Project Code | B5: GAMERENT | D5: Reviewer/Approver | E5: ThS. Phạm Thị Loan
A6: Document Code | B6: =B5&"_"&"ITC_v1.0" | D6: Issue Date | E6: 26/09/2026
A7: Version | B7: 1.0 | D7: Status | E7: Approved
A9: Record of change
A10: Record of change | B10: Version | C10: Change Item | D10: *A,D,M | E10: Change description | F10: Reference
A11: <Date when these changes are effective> | B11: 1.0 | C11: Tạo tài liệu và thiết kế ca kiểm thử tích hợp | D11: A | E11: Thiết kế trọn bộ Integration Test Case theo chuẩn ma trận kiểm thử phần mềm | F11: <List of documents which are referred in this version.>
A12: 26/09/2026 | B12: 1.0 | C12: Integration Test Cases | D12: A | E12: Khởi tạo và hoàn thiện đầy đủ bộ 10 kịch bản Integration Test Cases (ITC-01 đến ITC-10) theo chiến lược tích hợp Sandwich (Hybrid) cho dự án GameRent do Nhóm 15 thực hiện (kiểm soát tương tác đồng bộ giữa React Components ↔ AppContext Global State ↔ LocalStorage Database). | F12: SRS, Kiến trúc Sandwich, Vitest integrationFlows.test.js, Báo cáo BTL KTPM

Sheet Chiến lược tích hợp
B2: CHIẾN LƯỢC KIỂM THỬ TÍCH HỢP SANDWICH (HYBRID INTEGRATION STRATEGY)
B4: 1. MÔ HÌNH KIẾN TRÚC 3 TẦNG TRONG KIỂM THỬ TÍCH HỢP DỰ ÁN GAMERENT
B5: Tầng tích hợp | C5: Thành phần hệ thống | D5: Chi tiết các module / hàm nghiệp vụ tham gia
B6: Tầng Thượng tầng (Top-Down Layer) | C6: Giao diện người dùng React 19 UI Components | D6: AuthModal, DepositModal, RentConfirmModal, ExtendRentalModal, DisputeModal, ReturnEarlyModal, CountdownTimer, OverviewDashboard.
B7: Tầng Trung gian (Target Middle Layer) | C7: Bộ quản lý trạng thái toàn cục & Điều phối nghiệp vụ | D7: React Context API (AppContext), Custom Hooks (useAuth, useWallet, useRentals, useAccounts), cơ chế Pub/Sub và State Dispatcher.
B8: Tầng Hạ tầng (Bottom-Up Layer) | C8: Kho lưu trữ dữ liệu & Thư viện hàm xử lý lõi | D8: LocalStorage Atomic Mock Database (gamerent_users, gamerent_accounts, gamerent_rentals, gamerent_transactions), validationUtils, passwordGenerator.
B10: 2. NGUYÊN LÝ VẬN HÀNH CHIẾN LƯỢC SANDWICH TRONG DỰ ÁN
B11: Hướng tích hợp | C11: Mục tiêu kiểm thử | D11: Phương pháp kiểm chứng thực tế
B12: Tích hợp Top-down | C12: Kiểm thử từ giao diện tương tác người dùng xuống tầng quản lý trạng thái | D12: Kiểm tra xem khi người dùng tương tác trên Modal (bấm nút Thuê, Nạp tiền, Gia hạn, Khiếu nại), UI Component có truyền đúng payload tham số vào AppContext hay không.
B13: Tích hợp Bottom-up | C13: Kiểm thử từ tầng CSDL và các hàm tiện ích ngược lên AppContext | D13: Kiểm tra xem các hàm tiện ích lõi (validateRegistration, calculateRentalCost, calculateRefundAndExtension, generateSecurePassword) khi xử lý xong có cập nhật chuẩn xác vào LocalStorage hay không.
B14: Điểm hội tụ (Target Middle) | C14: Bộ quản trị trạng thái AppContext làm trung gian kết nối | D14: Đảm bảo tính toàn vẹn dữ liệu: khi LocalStorage thay đổi, AppContext lập tức broadcast dữ liệu mới đến tất cả các Component đang hiển thị mà không cần reload trang.
B16: 3. MA TRẬN 6 PHÂN HỆ TÍCH HỢP CỐT LÕI (10 CA KIỂM THỬ ITC)
B17: Mã phân hệ | C17: Tương tác thành phần | D17: Ca kiểm thử bao phủ
B18: IT_AUTH_SYNC | C18: F_AUTH ↔ AppContext ↔ LocalStorage (ITC-01, ITC-08, ITC-10) | D18: Tích hợp luồng Xác thực, Khởi tạo ví 50k, Tự động đồng bộ CRM khách hàng Admin và Đổi mật khẩu cập nhật LocalStorage.
B19: IT_WALLET_FLOW | C19: F_WAL ↔ WalletPage ↔ AppContext (ITC-02) | D19: Tích hợp cổng nạp tiền VietQR tự động, cộng số dư ví thời gian thực và ghi nhận Transaction History.
B20: IT_RENT_DELIVER | C20: F_RENT ↔ AccountCard ↔ AppContext (ITC-03) | D20: Tích hợp luồng thuê tài khoản game tức thì: trừ số dư ví, đổi trạng thái acc sang 'rented' và bàn giao mật khẩu bí mật 1-click.
B21: IT_TIMER_EXT | C21: F_TIMER ↔ CountdownTimer ↔ AppContext (ITC-04, ITC-07) | D21: Tích hợp gia hạn nối tiếp giờ chơi trên CountdownTimer và cơ chế thu hồi tự động đổi mật khẩu ngẫu nhiên khi hết hạn.
B22: IT_REFUND_DISPUTE | C22: F_REF_EXT ↔ Dispute & Return ↔ AppContext (ITC-05, ITC-06) | D22: Tích hợp chính sách hoàn tiền: Khách báo lỗi in-game được bồi thường bảo hiểm 100% và Trả nick sớm nhận hoàn 50% tiền giờ thừa.
B23: IT_FAV_SEP | C23: F_FAV ↔ LocalStorage Separation (ITC-09) | D23: Tích hợp cơ chế phân tách danh sách tài khoản yêu thích (Favorites) độc lập tuyệt đối giữa các người dùng.

Sheet IT_AUTH_SYNC
A2: Module Code | B2: IT_AUTH_SYNC
A3: Test requirement | B3: Kiểm thử tích hợp giữa UI Authentication Modal, State Management AppContext và CSDL LocalStorage (Đăng ký mới, Đồng bộ CRM, Đổi mật khẩu).
A4: Tester | B4: Nhóm 15 (Lê Xuân Đạt, Lê Minh Quân)
A5: Pass | B5: Fail | C5: Untested | D5: N/A | E5: Number of Test cases
A6: =COUNTIF(G9:G100,"Pass") | B6: =COUNTIF(G9:G100,"Fail") | C6: =E6-D6-B6-A6 | D6: =COUNTIF(G9:G100,"N/A") | E6: =COUNTA(A9:A100)
A8: ID | B8: Test Case Description | C8: Pre-condition | D8: Test Steps | E8: Expected Output | F8: Post-condtion | G8: Result | H8: Test date | I8: Note
A9: [ITC-01] | B9: Tích hợp Đăng ký mới -> Tự động đăng nhập -> Khởi tạo ví 50.000 VNĐ. Kiểm tra tương tác AuthModal ↔ AppContext ↔ LocalStorage gamerent_users và gamerent_wallet_balance. | C9: Trình duyệt ở trạng thái Chưa đăng nhập, LocalStorage chưa có session người dùng. | D9: 1. Nhập thông tin đăng ký hợp lệ: username = 'gamer_new', pass = 'pass123456', sdt = '0912345678'. 2. Nhấn nút 'Đăng ký ngay'. 3. Kiểm tra biến đổi trong LocalStorage và trạng thái toàn cục AppContext. | E9: 1. Dữ liệu User mới được ghi nhận vào mảng gamerent_users trong LocalStorage. 2. Hệ thống tự động kích hoạt phiên đăng nhập: currentUser trong AppContext được cập nhật với role = 'renter'. 3. Số dư ví khởi tạo được gán chính xác 50.000 VNĐ, Header cập nhật tên và số dư ví. | F9: User có trạng thái Active trong LocalStorage; ví có 50.000 VNĐ; phiên làm việc mở. | G9: Pass | H9: 26/09/2026 | I9: Đã tự động hóa trong integrationFlows.test.js ([ITC-01]).
A10: [ITC-08] | B10: Tích hợp Đăng ký khách mới -> Tự động đồng bộ CRM khách hàng Admin. Kiểm tra tương tác AuthModal ↔ CustomersPage ↔ AppContext mà không cần reload trang. | C10: Admin đang mở trang Quản lý khách hàng CRM trên một tab; khách hàng vãng lai đăng ký tại trang chủ. | D10: 1. Khách hàng thực hiện đăng ký tài khoản mới thành công tại AuthModal. 2. Chuyển sang phiên làm việc của Quản trị viên (Admin) tại CustomersPage. 3. Quan sát danh sách khách hàng CRM và số liệu tổng quan. | E10: 1. Khách hàng mới lập tức xuất hiện trong bảng danh sách thành viên CRM với mã KHxxx. 2. Số dư hiển thị đúng 50.000 VNĐ, số đơn thuê khởi tạo = 0, trạng thái tài khoản = 'Hoạt động'. 3. Thẻ thống kê Tổng khách hàng trên Dashboard tự động tăng thêm 1 thành viên. | F10: Tính nhất quán dữ liệu giữa Client và Admin Dashboard đạt 100%. | G10: Pass | H10: 26/09/2026 | I10: Đã kiểm thử tự động trong crudManagement.test.js.
A11: [ITC-10] | B11: Tích hợp Đổi mật khẩu khách thuê -> Cập nhật LocalStorage -> Xác thực lại. Kiểm tra tương tác SettingsPage ↔ AuthModal ↔ AppContext bảo mật thông tin đăng nhập. | C11: Khách hàng đang đăng nhập với mật khẩu hiện tại '123456'. | D11: 1. Vào trang Cài đặt (SettingsPage) -> Tab Đổi mật khẩu. 2. Nhập Mật khẩu cũ: '123456', Mật khẩu mới: 'newpass123', Nhập lại: 'newpass123'. 3. Bấm 'Lưu thay đổi'. 4. Đăng xuất khỏi hệ thống và thực hiện đăng nhập lại bằng mật khẩu cũ '123456'. 5. Thực hiện đăng nhập lại bằng mật khẩu mới 'newpass123'. | E11: 1. Đổi mật khẩu thành công, LocalStorage cập nhật hash mật khẩu mới của user. 2. Đăng nhập bằng pass cũ '123456' bị hệ thống từ chối với thông báo: 'Sai tên đăng nhập hoặc mật khẩu'. 3. Đăng nhập bằng pass mới 'newpass123' thành công, khôi phục đầy đủ phiên làm việc. | F11: Mật khẩu mới có hiệu lực vĩnh viễn, mật khẩu cũ bị vô hiệu hóa hoàn toàn. | G11: Pass | H11: 26/09/2026 | I11: Đã kiểm thử tự động trong changePassword.test.js (8/8 Passed).

Sheet IT_WALLET_FLOW
A2: Module Code | B2: IT_WALLET_FLOW
A3: Test requirement | B3: Kiểm thử tích hợp cổng nạp tiền VietQR tự động, tính hợp lệ hạn mức BVA, đồng bộ số dư ví và lưu vết lịch sử giao dịch.
A4: Tester | B4: Nhóm 15 (Lê Minh Quân, Lê Xuân Đạt)
A5: Pass | B5: Fail | C5: Untested | D5: N/A | E5: Number of Test cases
A6: =COUNTIF(G9:G100,"Pass") | B6: =COUNTIF(G9:G100,"Fail") | C6: =E6-D6-B6-A6 | D6: =COUNTIF(G9:G100,"N/A") | E6: =COUNTA(A9:A100)
A8: ID | B8: Test Case Description | C8: Pre-condition | D8: Test Steps | E8: Expected Output | F8: Post-condtion | G8: Result | H8: Test date | I8: Note
A9: [ITC-02] | B9: Tích hợp Nạp tiền VietQR Auto -> Cộng số dư ví -> Ghi nhận Transaction History. Kiểm tra tương tác DepositModal ↔ WalletPage ↔ AppContext và hàm validateDepositAmount(). | C9: Khách hàng đã đăng nhập, số dư ví hiện tại là 50.000 VNĐ. | D9: 1. Mở modal nạp tiền, chọn mệnh giá nạp 200.000 VNĐ (hạn mức BVA hợp lệ). 2. Hệ thống sinh mã VietQR động NAPAS kèm mã giao dịch GR_NAP_XXXXX. 3. Nhấn xác nhận hoàn tất nạp tiền. 4. Kiểm tra cập nhật số dư ví trên Header và kiểm tra bảng Lịch sử giao dịch tại WalletPage. | E9: 1. Số dư ví trong AppContext và LocalStorage tự động cộng dồn lên đúng 250.000 VNĐ (50.000 + 200.000). 2. Bảng Lịch sử giao dịch ghi nhận 1 bản ghi mới với mã TX-XXXXX, loại 'Nạp tiền VietQR Auto', số tiền '+200.000 VNĐ', trạng thái 'Thành công'. 3. Không xảy ra lỗi làm tròn số thực dạng thập phân (Fixed BUG-IT-001). | F9: Số dư ví cập nhật chính xác 250.000 VNĐ, giao dịch lưu vết vĩnh viễn. | G9: Pass | H9: 26/09/2026 | I9: Đã tự động hóa trong integrationFlows.test.js ([ITC-02]).

Sheet IT_RENT_DELIVER
A2: Module Code | B2: IT_RENT_DELIVER
A3: Test requirement | B3: Kiểm thử tích hợp quy trình thuê nick: tính toán chi phí, trừ ví người dùng, chuyển đổi trạng thái tài khoản in-game và cấp thông tin bảo mật.
A4: Tester | B4: Nhóm 15 (Lê Minh Quân, Lê Thanh Tùng)
A5: Pass | B5: Fail | C5: Untested | D5: N/A | E5: Number of Test cases
A6: =COUNTIF(G9:G100,"Pass") | B6: =COUNTIF(G9:G100,"Fail") | C6: =E6-D6-B6-A6 | D6: =COUNTIF(G9:G100,"N/A") | E6: =COUNTA(A9:A100)
A8: ID | B8: Test Case Description | C8: Pre-condition | D8: Test Steps | E8: Expected Output | F8: Post-condtion | G8: Result | H8: Test date | I8: Note
A9: [ITC-03] | B9: Tích hợp Thuê acc -> Trừ ví -> Cấp pass in-game -> Đổi status acc sang 'rented'. Kiểm tra tương tác RentConfirmModal ↔ AccountCard ↔ AppContext và hàm calculateRentalCost(). | C9: Ví khách có 250.000 VNĐ, tài khoản game 'ACCVAL001' giá 15.000 VNĐ/h đang ở trạng thái 'available'. | D9: 1. Bấm nút 'Thuê Ngay' trên thẻ 'ACCVAL001', chọn thuê 2 giờ (tổng tiền 30.000 VNĐ). 2. Tick cam kết quy chế dịch vụ, nhấn button 'Xác Nhận Thuê'. 3. Quan sát modal bàn giao thông tin và kiểm tra trạng thái thẻ tài khoản trên Cửa hàng. | E9: 1. Số dư ví khách hàng bị trừ chính xác 30.000 VNĐ (còn lại 220.000 VNĐ). 2. Modal bàn giao hiển thị Tên tài khoản in-game và Mật khẩu bí mật kèm nút sao chép 1-click. 3. Trạng thái tài khoản 'ACCVAL001' trong CSDL chuyển từ 'available' sang 'rented'. 4. Sinh đơn thuê mới mã ORDER-XXXXX trong danh sách gamerent_rentals với thời hạn 7.200 giây. | F9: Tài khoản game được khóa độc quyền cho khách hàng; ví trừ đúng 30k. | G9: Pass | H9: 26/09/2026 | I9: Đã tự động hóa trong integrationFlows.test.js ([ITC-03]).

Sheet IT_TIMER_EXT
A2: Module Code | B2: IT_TIMER_EXT
A3: Test requirement | B3: Kiểm thử tích hợp giữa đồng hồ đếm ngược thời gian thực, cơ chế gia hạn cộng dồn thời gian và luồng thu hồi tự động đổi mật khẩu khi hết giờ.
A4: Tester | B4: Nhóm 15 (Lê Hải Đăng, Lê Thanh Tùng)
A5: Pass | B5: Fail | C5: Untested | D5: N/A | E5: Number of Test cases
A6: =COUNTIF(G9:G100,"Pass") | B6: =COUNTIF(G9:G100,"Fail") | C6: =E6-D6-B6-A6 | D6: =COUNTIF(G9:G100,"N/A") | E6: =COUNTA(A9:A100)
A8: ID | B8: Test Case Description | C8: Pre-condition | D8: Test Steps | E8: Expected Output | F8: Post-condtion | G8: Result | H8: Test date | I8: Note
A9: [ITC-04] | B9: Tích hợp Gia hạn giờ thuê -> Trừ ví -> Nối tiếp CountdownTimer. Kiểm tra tương tác ExtendRentalModal ↔ CountdownTimer ↔ AppContext và hàm calculateRefundAndExtension(). | C9: Đơn hàng đang active, thời gian còn lại là 30 phút (1.800s), ví khách có 220.000 VNĐ. | D9: 1. Tại thẻ đơn thuê trên MyRentalsPage, bấm 'Gia hạn thêm giờ'. 2. Chọn gia hạn thêm 1 giờ (15.000 VNĐ), bấm 'Xác Nhận Gia Hạn'. 3. Kiểm tra đồng hồ CountdownTimer và số dư ví. | E9: 1. Ví khách bị trừ đúng 15.000 VNĐ (còn 205.000 VNĐ). 2. Mốc thời gian kết thúc expiresAt được cộng nối tiếp thêm 3.600 giây vào mốc thời gian cũ (không đè mốc Date.now(), Fixed BUG-IT-002). 3. Đồng hồ đếm ngược lập tức hiển thị 01:30:00 (1 giờ 30 phút), không làm gián đoạn phiên chơi. | F9: Thời gian chơi được gia hạn liền mạch; số dư ví cập nhật chính xác. | G9: Pass | H9: 26/09/2026 | I9: Đã tự động hóa trong integrationFlows.test.js ([ITC-04]).
A10: [ITC-07] | B10: Tích hợp Thu hồi tự động -> Sinh pass ngẫu nhiên -> Sẵn sàng cho thuê. Kiểm tra tương tác CountdownTimer ↔ AutoResetEngine ↔ AppContext khi hết giờ. | C10: Đơn thuê đếm ngược về 00:00:00 (hết thời gian thuê). | D10: 1. Chờ CountdownTimer đếm về 0 hoặc dùng công cụ Fast Forward tua hết giờ. 2. Quan sát phản ứng tự động của hệ thống và kiểm tra tài khoản game trong kho. | E10: 1. Đơn hàng tự động chuyển trạng thái từ 'active' sang 'completed'. 2. Hàm generateSecurePassword() kích hoạt sinh mật khẩu ngẫu nhiên mới (đảm bảo khác mật khẩu cũ, Fixed BUG-IT-005). 3. Tài khoản game tự động chuyển về trạng thái 'available' sẵn sàng phục vụ khách hàng tiếp theo. | F10: Tài khoản game được bảo mật an toàn tuyệt đối, chu trình tự động hóa khép kín 24/7. | G10: Pass | H10: 26/09/2026 | I10: Đã kiểm thử tự động trong autoPasswordReset.test.js (10/10 Passed).

Sheet IT_REFUND_DISPUTE
A2: Module Code | B2: IT_REFUND_DISPUTE
A3: Test requirement | B3: Kiểm thử tích hợp hai luồng hoàn tiền: Trả nick sớm hoàn 50% thời gian thừa và Khách báo lỗi in-game được Admin phê duyệt hoàn bảo hiểm 100%.
A4: Tester | B4: Nhóm 15 (Lê Xuân Đạt, Lê Minh Quân)
A5: Pass | B5: Fail | C5: Untested | D5: N/A | E5: Number of Test cases
A6: =COUNTIF(G9:G100,"Pass") | B6: =COUNTIF(G9:G100,"Fail") | C6: =E6-D6-B6-A6 | D6: =COUNTIF(G9:G100,"N/A") | E6: =COUNTA(A9:A100)
A8: ID | B8: Test Case Description | C8: Pre-condition | D8: Test Steps | E8: Expected Output | F8: Post-condtion | G8: Result | H8: Test date | I8: Note
A9: [ITC-05] | B9: Tích hợp Khách báo lỗi -> Admin duyệt -> Hoàn tiền 100% -> Khóa acc vào diện bảo trì. Kiểm tra tương tác DisputeModal ↔ OverviewDashboard ↔ AppContext. | C9: Khách hàng thuê acc gặp sự cố sai mật khẩu, số dư ví hiện tại là 20.000 VNĐ. | D9: 1. Khách hàng gửi khiếu nại tại DisputeModal với lý do 'Sai mật khẩu in-game'. 2. Admin mở OverviewDashboard (tab Khiếu nại sự cố) và bấm 'Phê duyệt hoàn tiền 100%'. 3. Kiểm tra biến động ví khách hàng và trạng thái tài khoản game. | E9: 1. Đơn thuê chuyển trạng thái từ 'disputed' sang 'refunded'. 2. Số dư ví khách hàng được cộng lại đầy đủ 100% tiền đơn thuê (Fixed BUG-IT-003). 3. Tài khoản game tự động đổi sang trạng thái 'maintenance' để kỹ thuật kiểm tra, không cho khách khác thuê. | F9: Khách hàng nhận lại tiền 100%; tài khoản lỗi được cách ly an toàn. | G9: Pass | H9: 26/09/2026 | I9: Đã tự động hóa trong integrationFlows.test.js ([ITC-05]).
A10: [ITC-06] | B10: Tích hợp Trả nick sớm -> Hoàn 50% tiền thừa -> Chuyển đổi trạng thái đổi pass. Kiểm tra tương tác ReturnEarlyModal ↔ MyRentalsPage ↔ AppContext. | C10: Đơn thuê 3 giờ (45.000 VNĐ), khách mới chơi 1 giờ (thời gian thừa 2 giờ), ví khách có 50.000 VNĐ. | D10: 1. Khách bấm 'Trả Nick Sớm' tại ReturnEarlyModal. 2. Hệ thống tính toán hoàn 50% tiền 2h thừa: 2 x 15.000 x 50% = 15.000 VNĐ. 3. Khách bấm 'Xác Nhận Trả Sớm'. 4. Kiểm tra cập nhật ví và trạng thái tài khoản. | E10: 1. Ví khách hàng được cộng thêm đúng 15.000 VNĐ (lên 65.000 VNĐ). 2. Đơn thuê chuyển sang trạng thái 'completed' (Đã trả sớm). 3. Tài khoản game lập tức chuyển sang trạng thái 'need_change_pass' (Fixed BUG-IT-004). | F10: Khách hàng nhận đủ tiền hoàn; acc được thu hồi để reset mật khẩu. | G10: Pass | H10: 26/09/2026 | I10: Đã kiểm thử tự động trong refund.test.js (8/8 Passed).

Sheet IT_FAV_SEP
A2: Module Code | B2: IT_FAV_SEP
A3: Test requirement | B3: Kiểm thử tích hợp cơ chế phân tách dữ liệu yêu thích (Favorites) độc lập theo định danh người dùng trong LocalStorage.
A4: Tester | B4: Nhóm 15 (Lê Hải Đăng, Lê Xuân Đạt)
A5: Pass | B5: Fail | C5: Untested | D5: N/A | E5: Number of Test cases
A6: =COUNTIF(G9:G100,"Pass") | B6: =COUNTIF(G9:G100,"Fail") | C6: =E6-D6-B6-A6 | D6: =COUNTIF(G9:G100,"N/A") | E6: =COUNTA(A9:A100)
A8: ID | B8: Test Case Description | C8: Pre-condition | D8: Test Steps | E8: Expected Output | F8: Post-condtion | G8: Result | H8: Test date | I8: Note
A9: [ITC-09] | B9: Tích hợp Phân tách danh sách Yêu thích độc lập theo từng tài khoản. Kiểm tra tương tác FavoriteButton ↔ LocalStorage ↔ AppContext. | C9: Hai tài khoản 'renter01' và 'admin' cùng sử dụng chung một trình duyệt web. | D9: 1. Đăng nhập tài khoản 'renter01', nhấn thả tim lưu tài khoản ACC01 và ACC02. 2. Đăng xuất, sau đó đăng nhập tài khoản 'admin', nhấn thả tim lưu tài khoản ACC03. 3. Đăng xuất và đăng nhập lại bằng tài khoản 'renter01'. | E9: 1. LocalStorage lưu 2 key tách biệt: gamerent_favorites_renter01 và gamerent_favorites_admin. 2. Khi 'renter01' đăng nhập, chỉ thấy ACC01 và ACC02 trong danh sách yêu thích, không có ACC03. 3. Không xảy ra hiện tượng ghi đè hoặc lộ thông tin quan tâm giữa các tài khoản người dùng khác nhau. | F9: Dữ liệu cá nhân hóa của từng người dùng được bảo vệ độc lập tuyệt đối. | G9: Pass | H9: 26/09/2026 | I9: Đã kiểm thử tự động trong favoritesSeparation.test.js (5/5 Passed).

Sheet Test Report
B1: BÁO CÁO KẾT QUẢ KIỂM THỬ TÍCH HỢP (INTEGRATION TEST REPORT)
B3: Project Name | C3: =Cover!C4 | E3: Creator | G3: =Cover!G4
B4: Project Code | C4: =Cover!C5 | E4: Reviewer/Approver | G4: =Cover!G5
B5: Document Code | C5: =C4&"_"&"Test Report"&"_"&"v1.0" | E5: Issue Date | H5: 26/09/2026
B6: Notes | C6: Báo cáo tổng hợp kết quả thực thi 10 kịch bản Kiểm thử tích hợp (ITC-01 đến ITC-10) theo chiến lược Sandwich bao phủ 6 phân hệ cốt lõi của dự án GameRent.
B10: No | C10: Module code | D10: Pass | E10: Fail | F10: Untested | G10: N/A | H10: Number of test cases
B11: 1 | C11: ='IT_AUTH_SYNC'!B2 | D11: ='IT_AUTH_SYNC'!A6 | E11: ='IT_AUTH_SYNC'!B6 | F11: ='IT_AUTH_SYNC'!C6 | G11: ='IT_AUTH_SYNC'!D6 | H11: ='IT_AUTH_SYNC'!E6
B12: 2 | C12: ='IT_WALLET_FLOW'!B2 | D12: ='IT_WALLET_FLOW'!A6 | E12: ='IT_WALLET_FLOW'!B6 | F12: ='IT_WALLET_FLOW'!C6 | G12: ='IT_WALLET_FLOW'!D6 | H12: ='IT_WALLET_FLOW'!E6
B13: 3 | C13: ='IT_RENT_DELIVER'!B2 | D13: ='IT_RENT_DELIVER'!A6 | E13: ='IT_RENT_DELIVER'!B6 | F13: ='IT_RENT_DELIVER'!C6 | G13: ='IT_RENT_DELIVER'!D6 | H13: ='IT_RENT_DELIVER'!E6
B14: 4 | C14: ='IT_TIMER_EXT'!B2 | D14: ='IT_TIMER_EXT'!A6 | E14: ='IT_TIMER_EXT'!B6 | F14: ='IT_TIMER_EXT'!C6 | G14: ='IT_TIMER_EXT'!D6 | H14: ='IT_TIMER_EXT'!E6
B15: 5 | C15: ='IT_REFUND_DISPUTE'!B2 | D15: ='IT_REFUND_DISPUTE'!A6 | E15: ='IT_REFUND_DISPUTE'!B6 | F15: ='IT_REFUND_DISPUTE'!C6 | G15: ='IT_REFUND_DISPUTE'!D6 | H15: ='IT_REFUND_DISPUTE'!E6
B16: 6 | C16: ='IT_FAV_SEP'!B2 | D16: ='IT_FAV_SEP'!A6 | E16: ='IT_FAV_SEP'!B6 | F16: ='IT_FAV_SEP'!C6 | G16: ='IT_FAV_SEP'!D6 | H16: ='IT_FAV_SEP'!E6
C17: Sub total | D17: =SUM(D11:D16) | E17: =SUM(E11:E16) | F17: =SUM(F11:F16) | G17: =SUM(G11:G16) | H17: =SUM(H11:H16)
C19: Test coverage | E19: =(D17+E17)*100/(H17-G17) | F19: %
C20: Test successful coverage | E20: =D17*100/(H17-G17) | F20: %
C22: ĐÁNH GIÁ CHẤT LƯỢNG TÍCH HỢP HỆ THỐNG:
C23: ✓ 10/10 Integration Test Cases (Sandwich Strategy) đạt kết quả Pass 100%, không còn lỗi tồn đọng.
C24: ✓ Toàn bộ 5 lỗi tích hợp (Bug Log BUG-IT-001 -> 005) đã được khắc phục triệt để và kiểm thử hồi quy thành công.
C25: ✓ Bộ kiểm thử tự động hóa Vitest integrationFlows.test.js thực thi đạt 100% trong 13ms.

Sheet Bug Log
B2: DANH SÁCH LỖI TÍCH HỢP PHÁT HIỆN TRONG INTEGRATION TEST (BUG LOG)
B4: Bug ID | C4: Tiêu đề lỗi (Bug Title) | D4: Mức ưu tiên (Severity / Priority) | E4: Phân hệ tích hợp phát sinh | F4: Tester phát hiện | G4: Ngày phát hiện | H4: Mã ITC liên quan | I4: Trạng thái (Status) | J4: Mô tả giải pháp khắc phục (Resolution Summary)
B5: BUG-IT-001 | C5: Số dư ví bị lỗi số thực dạng thập phân (Floating-point precision) khi thực hiện nạp tiền và gia hạn nhiều lần | D5: Medium | E5: WalletPage ↔ AppContext | F5: Lê Minh Quân | G5: 19/09/2026 | H5: ITC-04 | I5: Đã sửa (Fixed) | J5: Áp dụng chuẩn hóa Math.round(balance) và xử lý chuỗi số nguyên VND trước khi lưu vào LocalStorage và cập nhật AppContext.
B6: BUG-IT-002 | C6: Gia hạn giờ thuê bị đè mốc Date.now() làm mất thời gian chơi còn lại của khách hàng thay vì cộng dồn nối tiếp | D6: High | E6: ExtendRentalModal ↔ CountdownTimer | F6: Lê Hải Đăng | G6: 18/09/2026 | H6: ITC-04 | I6: Đã sửa (Fixed) | J6: Sửa lại thuật toán cộng dồn: newEndTime = Math.max(rental.endTime, Date.now()) + (hours * 3600000), đảm bảo giữ nguyên thời gian cũ còn thừa.
B7: BUG-IT-003 | C7: Admin phê duyệt khiếu nại sự cố không cộng lại tiền vào ví tài khoản khách hàng do thiếu hàm dispatch | D7: Critical | E7: DisputeModal ↔ OverviewDashboard | F7: Lê Xuân Đạt | G7: 19/09/2026 | H7: ITC-05 | I7: Đã sửa (Fixed) | J7: Bổ sung hàm updateWalletBalance(dispute.userId, dispute.amount) trong AppContext khi Admin bấm duyệt khiếu nại, đồng thời ghi log hoàn tiền.
B8: BUG-IT-004 | C8: Trả nick sớm không cập nhật trạng thái tài khoản sang 'need_change_pass' dẫn đến nguy cơ khách khác thuê phải pass cũ | D8: High | E8: ReturnEarlyModal ↔ Inventory | F8: Lê Thanh Tùng | G8: 20/09/2026 | H8: ITC-06 | I8: Đã sửa (Fixed) | J8: Cập nhật hàm returnEarly() tự động chuyển đổi status tài khoản thành 'need_change_pass' ngay khi xác nhận trả sớm, ngăn chặn việc hiển thị trên Cửa hàng.
B9: BUG-IT-005 | C9: Mật khẩu ngẫu nhiên tự động sinh bởi hệ thống có thể trùng với mật khẩu cũ nếu không kiểm tra điều kiện trùng lặp | D9: Medium | E9: AutoResetEngine ↔ Crypto | F9: Lê Hải Đăng | G9: 20/09/2026 | H9: ITC-07 | I9: Đã sửa (Fixed) | J9: Thêm vòng lặp do-while đảm bảo newPassword !== oldPassword và áp dụng bảng ký tự đa dạng (hoa, thường, số, ký tự đặc biệt) độ dài 12 ký tự.
