Workbook

Sheet Cover
B2: TEST CASE
B4: Project Name | C4: GameRent - Website Cho Thuê Tài Khoản Game Tự Động 24/7 | F4: Creator | G4: Nhóm 15 (Lê Minh Quân, Lê Hải Đăng, Lê Xuân Đạt, Lê Thanh Tùng)
B5: Project Code | C5: GAMERENT | F5: Reviewer/Approver | G5: ThS. Phạm Thị Loan
B6: Document Code | C6: =C5&"_"&"ITC"&"_"&"v1.0" | F6: Issue Date | G6: 26/09/2026
F7: Version | G7: 1.0
B10: Record of change
B11: Effective Date | C11: Version | D11: Change Item | E11: *A,D,M | F11: Change description | H11: Reference
B12: 10/09/2026 | C12: 0.1 | D12: Khởi tạo tài liệu và thiết kế ca kiểm thử | E12: A | F12: Khởi tạo tài liệu đặc tả kiểm thử, thiết kế bộ ca kiểm thử cho chức năng Đăng nhập (Login) và các luồng nghiệp vụ xác thực người dùng trong dự án GameRent theo biểu mẫu chuẩn. | H12: SRS GameRent v1.0, Tài liệu thiết kế hệ thống
B13: 26/09/2026 | C13: 1.0 | D13: Hoàn thiện trọn bộ 10 phân hệ kiểm thử dự án GameRent | E13: M | F13: Cập nhật hoàn chỉnh toàn bộ 10 sheet phân hệ chi tiết (81 ca kiểm thử Validation & Business logic), bảng Test case List, hình ảnh Wireframe AuthModal và Test Report liên kết công thức tự động 100% Pass. | H13: Mã nguồn GameRent, Bộ kiểm thử tự động Vitest Suite, Báo cáo BTL KTPM
B14: *A: Added, D: Deleted, M: Modified

Sheet Test case List
D1: TEST CASE LIST
B3: Project Name | D3: =Cover!C4
B4: Project Code | D4: =Cover!C5
B5: Test Environment Setup Description | D5: Môi trường kiểm thử hệ thống & phân hệ GameRent: 1. Nền tảng: Node.js v20.x, React 19.x, Vite Dev Server 2. Cơ sở dữ liệu: LocalStorage Database Engine Mock (gamerent_users, gamerent_current_user) 3. Trình duyệt: Google Chrome v120+, Microsoft Edge v120+ 4. Framework tự động: Vitest Automation Suite, React Testing Library, jsdom 5. Màn hình kiểm thử: Desktop (1920x1080) và Responsive Web
B8: No | C8: Function Name | D8: Sheet Name | E8: Description | F8: Pre-Condition
B9: 1 | C9: Đăng nhập hệ thống (Login) | D9: Login | E9: Kiểm thử chức năng xác thực người dùng, kiểm tra validation email/mật khẩu, phân quyền Renter/Admin và xử lý chặn tài khoản vi phạm bị khóa (isBlocked). | F9: Hệ thống GameRent khởi chạy trên trình duyệt web, cơ sở dữ liệu tài khoản người dùng đã sẵn sàng trong LocalStorage.
B10: 2 | C10: Đăng ký tài khoản mới (Register) | D10: Register | E10: Kiểm thử form đăng ký thành viên mới (validation họ tên, email, mật khẩu >= 6 ký tự) và luồng tự động đăng nhập cấp ví 50.000 VNĐ. | F10: Trình duyệt mở modal AuthModal tại tab Đăng ký, cơ sở dữ liệu chưa tồn tại email đăng ký.
B11: 3 | C11: Nạp tiền ví VietQR Napas247 (Deposit) | D11: Wallet | E11: Kiểm thử tích hợp nạp tiền tự động qua cổng VietQR, sinh mã QR động theo hạn mức nạp và cộng dồn số dư ví thời gian thực. | F11: Khách hàng đã đăng nhập tài khoản cá nhân, mở modal Nạp tiền trên trang Ví điện tử.
B12: 4 | C12: Thuê tài khoản & Bàn giao pass 24/7 (Rental) | D12: Rental | E12: Kiểm thử luồng kiểm tra số dư ví, trừ tiền thuê, cập nhật trạng thái kho nick và bàn giao thông tin đăng nhập in-game tức thì. | F12: Số dư ví khách hàng đủ chi trả chi phí thuê, tài khoản game đang ở trạng thái Available.
B13: 5 | C13: Giám sát đếm ngược & Gia hạn giờ chơi (Timer) | D13: Timer | E13: Kiểm thử đồng hồ đếm ngược CountdownTimer thời gian thực, hệ thống cảnh báo 3 cấp độ màu và tính năng gia hạn cộng dồn thời gian chơi. | F13: Đơn thuê đang ở trạng thái Active, phiên chơi game đang diễn ra.
B14: 6 | C14: Trả nick sớm & Khiếu nại bảo hiểm (Refund) | D14: Refund | E14: Kiểm thử chính sách hoàn tiền 50% thời gian chưa sử dụng khi trả nick sớm và quy trình Admin phê duyệt bồi hoàn 100% khi tài khoản gặp sự cố. | F14: Khách hàng đang có đơn thuê active hoặc gửi khiếu nại sự cố tài khoản trong 15 phút đầu.
B15: 7 | C15: Quản trị thêm nick vào kho (Form UC1) | D15: Product | E15: Kiểm thử biểu mẫu Thêm mới tài khoản game chuẩn 100% tài liệu UC1_Add New Product (áp dụng BVA/EP kiểm thử giá trị biên và bảng quyết định). | F15: Người dùng đã đăng nhập với vai trò Quản trị viên (Admin), mở form thêm nick trong OverviewDashboard.
B16: 8 | C16: Quản lý khách hàng & Đồng bộ dữ liệu CRM | D16: Customer | E16: Kiểm thử tra cứu, phân trang, lọc khách hàng, cập nhật trạng thái hoạt động và đảm bảo tính nhất quán dữ liệu giữa Client và Admin. | F16: Tài khoản Admin đã đăng nhập, danh mục khách hàng đã được nạp từ cơ sở dữ liệu.
B17: 9 | C17: Phân tách danh sách yêu thích độc lập (Favorites) | D17: Favorites | E17: Kiểm thử cơ chế lưu trữ danh sách tài khoản game yêu thích phân tách độc lập theo định danh từng tài khoản trong LocalStorage. | F17: Nhiều tài khoản người dùng khác nhau cùng thực hiện thao tác lưu tài khoản yêu thích trên cùng một trình duyệt.
B18: 10 | C18: Đổi mật khẩu người dùng (Change Password) | D18: ChangePass | E18: Kiểm thử chức năng đổi mật khẩu cá nhân, kiểm tra mật khẩu hiện tại, độ mạnh mật khẩu mới và cập nhật bảo mật an toàn. | F18: Người dùng đang đăng nhập hệ thống, mở trang Cài đặt (Settings).

Sheet Login
A2: Module Code | B2: Login
A3: Test requirement | B3: Kiểm thử chức năng Đăng nhập hệ thống (AuthModal): kiểm tra validation form email/mật khẩu, xác thực thông tin đăng nhập, phân quyền Renter/Admin và xử lý chặn tài khoản vi phạm bị khóa.
A4: Tester | B4: Nhóm 15 (Lê Minh Quân, Lê Hải Đăng, Lê Xuân Đạt, Lê Thanh Tùng)
A5: Pass | B5: Fail | C5: Untested | D5: N/A | E5: Number of Test cases
A6: =COUNTIF(G10:G60,"Pass") | B6: =COUNTIF(G10:G60,"Fail") | C6: =E6-D6-B6-A6 | D6: =COUNTIF(G10:G60,"N/A") | E6: =COUNTIF(G10:G60,"Pass")+COUNTIF(G10:G60,"Fail")+COUNTIF(G10:G60,"Untested")+COUNTIF(G10:G60,"N/A")
A8: ID | B8: Test Case Description | C8: Pre-condition | D8: Test Steps | E8: Expected Output | F8: Post-condtion | G8: Result | H8: Test date | I8: Note
B9: Check validation
A10: [Login-01] | B10: Không nhập email | C10: Hệ thống mở trang chủ GameRent, modal Đăng nhập (AuthModal) đang hiển thị. | D10: 1. Nhập thông tin: - Email: bỏ trống - Password: nhập '123456' 2. Click button 'Đăng nhập'. | E10: 1. Hệ thống chặn gửi form. 2. Hiển thị thông báo lỗi: "Email không được để trống". | F10: Form giữ nguyên trạng thái, con trỏ tự động focus vào trường Email. | G10: Pass | H10: 26/09/2026 | I10: Đã tự động hóa trong vitest auth.test.js
A11: [Login-02] | B11: Không nhập mật khẩu | C11: Modal Đăng nhập đang hiển thị. | D11: 1. Nhập thông tin: - Email: 'hung.nguyen@gmail.com' - Password: bỏ trống 2. Click button 'Đăng nhập'. | E11: 1. Hệ thống chặn gửi form. 2. Hiển thị thông báo lỗi: "Mật khẩu không được để trống". | F11: Form giữ nguyên dữ liệu email đã nhập, con trỏ focus vào trường Password. | G11: Pass | H11: 26/09/2026 | I11: Đã tự động hóa trong vitest auth.test.js
A12: [Login-03] | B12: Bỏ trống cả email và mật khẩu | C12: Modal Đăng nhập đang hiển thị. | D12: 1. Để trống cả trường Email và Password. 2. Click button 'Đăng nhập'. | E12: 1. Hệ thống chặn gửi form. 2. Hiển thị thông báo lỗi: "Email không được để trống". | F12: Form không submit, focus vào trường Email. | G12: Pass | H12: 26/09/2026 | I12: Đã tự động hóa trong vitest auth.test.js
A13: [Login-04] | B13: Nhập email không đúng định dạng | C13: Modal Đăng nhập đang hiển thị. | D13: 1. Nhập thông tin: - Email: 'gamerent.user.vn' (thiếu @) - Password: 'password123' 2. Click button 'Đăng nhập'. | E13: 1. Hệ thống chặn submit form. 2. Trình duyệt hiển thị cảnh báo định dạng Email hợp lệ trên ô nhập liệu HTML5. | F13: Form giữ nguyên để người dùng sửa lại địa chỉ Email. | G13: Pass | H13: 26/09/2026 | I13: Validation định dạng RFC 5322
A14: [Login-05] | B14: Nhập mật khẩu dưới 6 ký tự | C14: Modal Đăng nhập đang hiển thị. | D14: 1. Nhập thông tin: - Email: 'hung.nguyen@gmail.com' - Password: '123' (3 ký tự, dưới biên 6) 2. Click button 'Đăng nhập'. | E14: 1. Hệ thống kiểm tra và báo lỗi: "Mật khẩu không chính xác." hoặc yêu cầu mật khẩu tối thiểu 6 ký tự. | F14: Form không đăng nhập, giữ nguyên để nhập lại. | G14: Pass | H14: 26/09/2026 | I14: BVA kiểm thử giá trị biên
B15: Check Business
A16: [Login-06] | B16: Kiểm tra đăng nhập khi nhập đúng tài khoản Khách hàng (Renter) | C16: Hệ thống tồn tại tài khoản khách hàng: email: hung.nguyen@gmail.com password: tester123 isBlocked: false | D16: 1. Nhập thông tin: - Email: hung.nguyen@gmail.com - Password: tester123 2. Click button 'Đăng nhập'. | E16: 1. Đăng nhập vào hệ thống thành công, đóng modal AuthModal. 2. Header cập nhật hiển thị tên "Nguyễn Văn Hùng", avatar và số dư ví. 3. Lưu phiên đăng nhập vào LocalStorage (gamerent_current_user). | F16: Người dùng duy trì trạng thái đăng nhập với vai trò 'renter'. | G16: Pass | H16: 26/09/2026 | I16: Normal case - Đã kiểm thử tự động
A17: [Login-07] | B17: Kiểm tra đăng nhập khi nhập đúng tài khoản Quản trị viên (Admin) | C17: Hệ thống tồn tại tài khoản quản trị: email: admin@gamerent.vn password: admin123 role: admin | D17: 1. Nhập thông tin: - Email: admin@gamerent.vn - Password: admin123 2. Click button 'Đăng nhập'. | E17: 1. Đăng nhập thành công với vai trò Quản trị viên. 2. Header hiển thị tên "Quản Lý" và nút truy cập Admin Dashboard. 3. Cấp quyền truy cập quản lý kho nick, đơn thuê, duyệt khiếu nại. | F17: Người dùng có quyền hạn admin trong toàn bộ phiên làm việc. | G17: Pass | H17: 26/09/2026 | I17: Phân quyền RBAC chính xác
A18: [Login-08] | B18: Kiểm tra đăng nhập khi nhập Email không tồn tại trong hệ thống | C18: Hệ thống không tồn tại tài khoản có email: nonexistent@gamerent.vn | D18: 1. Nhập thông tin: - Email: nonexistent@gamerent.vn - Password: password123 2. Click button 'Đăng nhập'. | E18: 1. Hệ thống hiển thị thông báo lỗi: "Email không tồn tại trên hệ thống.". 2. Không tạo phiên làm việc trong LocalStorage. | F18: Trạng thái người dùng vẫn là khách vãng lai (Guest). | G18: Pass | H18: 26/09/2026 | I18: Xác thực tài khoản không tồn tại
A19: [Login-09] | B19: Kiểm tra đăng nhập khi nhập Mật khẩu không đúng | C19: Hệ thống tồn tại tài khoản: email: admin@gamerent.vn password: admin123 | D19: 1. Nhập thông tin: - Email: admin@gamerent.vn - Password: wrongpassword999 2. Click button 'Đăng nhập'. | E19: 1. Hệ thống hiển thị thông báo lỗi: "Mật khẩu không chính xác.". 2. Mật khẩu sai bị từ chối, form giữ nguyên email. | F19: Người dùng không đăng nhập được. | G19: Pass | H19: 26/09/2026 | I19: Xác thực mật khẩu sai
A20: [Login-10] | B20: Kiểm tra đăng nhập với Tài khoản bị khóa do vi phạm quy chế | C20: Hệ thống tồn tại tài khoản bị khóa: email: blocked@test.com password: 123456 isBlocked: true | D20: 1. Nhập thông tin: - Email: blocked@test.com - Password: 123456 2. Click button 'Đăng nhập'. | E20: 1. Hệ thống chặn đăng nhập. 2. Hiển thị thông báo lỗi: "Tài khoản của bạn đang bị khóa do vi phạm quy chế.". 3. Không cấp token phiên làm việc. | F20: Tài khoản bị khóa bị từ chối đăng nhập hoàn toàn. | G20: Pass | H20: 26/09/2026 | I20: Bảo mật và kiểm soát tài khoản vi phạm
A21: [Login-11] | B21: Kiểm tra luồng Đăng ký tài khoản mới tự động chuyển sang Đăng nhập | C21: Người dùng chưa có tài khoản, đang mở tab Đăng ký trên AuthModal. | D21: 1. Tại AuthModal, click chuyển sang tab 'Đăng ký'. 2. Nhập họ tên 'Lê Minh Quân', email 'newbie2026@gamerent.vn', mật khẩu 'pass123456', xác nhận 'pass123456'. 3. Click 'Đăng ký ngay'. | E21: 1. Đăng ký thành công, hệ thống tự động đăng nhập luôn mà không bắt nhập lại. 2. Số dư ví khởi tạo được cộng ngay 50.000 VNĐ. 3. Header hiển thị tên tài khoản mới. | F21: Tài khoản mới lưu vào LocalStorage và duy trì phiên đăng nhập. | G21: Pass | H21: 26/09/2026 | I21: Tích hợp luồng Đăng ký ↔ Đăng nhập tự động
A22: [Login-12] | B22: Kiểm tra chức năng Đăng xuất (Logout) và xóa phiên làm việc | C22: Người dùng đang ở trạng thái đăng nhập với tài khoản 'hung.nguyen@gmail.com'. | D22: 1. Tại Header/Navbar, mở menu người dùng. 2. Click chọn 'Đăng xuất'. | E22: 1. Hệ thống xóa key 'gamerent_current_user' trong LocalStorage. 2. Header chuyển về nút 'Đăng nhập / Đăng ký'. 3. Trả về trạng thái người dùng khách an toàn. | F22: Phiên làm việc kết thúc hoàn toàn. | G22: Pass | H22: 26/09/2026 | I22: Quản lý vòng đời phiên người dùng

Sheet Register
A2: Module Code | B2: Register
A3: Test requirement | B3: Kiểm thử chức năng Đăng ký tài khoản (AuthModal Register Tab): kiểm tra tính hợp lệ của họ tên, email, mật khẩu, xác nhận mật khẩu và cơ chế tự động cấp số dư ví ban đầu.
A4: Tester | B4: Nhóm 15 (Lê Minh Quân, Lê Hải Đăng, Lê Xuân Đạt, Lê Thanh Tùng)
A5: Pass | B5: Fail | C5: Untested | D5: N/A | E5: Number of Test cases
A6: =COUNTIF(G10:G60,"Pass") | B6: =COUNTIF(G10:G60,"Fail") | C6: =E6-D6-B6-A6 | D6: =COUNTIF(G10:G60,"N/A") | E6: =COUNTIF(G10:G60,"Pass")+COUNTIF(G10:G60,"Fail")+COUNTIF(G10:G60,"Untested")+COUNTIF(G10:G60,"N/A")
A8: ID | B8: Test Case Description | C8: Pre-condition | D8: Test Steps | E8: Expected Output | F8: Post-condtion | G8: Result | H8: Test date | I8: Note
B9: Check validation
A10: [Register-01] | B10: Họ tên để trống | C10: Modal mở tab Đăng ký. | D10: 1. Nhập Họ tên: để trống 2. Nhập Email và Mật khẩu hợp lệ 3. Bấm 'Đăng ký ngay'. | E10: Hệ thống báo lỗi: "Họ tên phải có ít nhất 2 ký tự." | F10: Form giữ nguyên. | G10: Pass | H10: 26/09/2026 | I10: Unit test F_AUTH_REG
A11: [Register-02] | B11: Họ tên dưới 2 ký tự (BVA) | C11: Modal mở tab Đăng ký. | D11: 1. Nhập Họ tên: 'A' (1 ký tự) 2. Bấm 'Đăng ký ngay'. | E11: Hệ thống báo lỗi: "Họ tên phải có ít nhất 2 ký tự." | F11: Form giữ nguyên. | G11: Pass | H11: 26/09/2026 | I11: Kiểm thử biên BVA
A12: [Register-03] | B12: Email để trống | C12: Modal mở tab Đăng ký. | D12: 1. Nhập họ tên hợp lệ 2. Để trống trường Email 3. Bấm 'Đăng ký ngay'. | E12: Hệ thống báo lỗi: "Email không đúng định dạng." | F12: Focus vào ô Email. | G12: Pass | H12: 26/09/2026 | I12: Unit test F_AUTH_REG
A13: [Register-04] | B13: Email sai định dạng (thiếu @) | C13: Modal mở tab Đăng ký. | D13: 1. Nhập Email: 'usergamerent.vn' 2. Bấm 'Đăng ký ngay'. | E13: Hệ thống báo lỗi: "Email không đúng định dạng." | F13: Form giữ nguyên. | G13: Pass | H13: 26/09/2026 | I13: RFC 5322 check
A14: [Register-05] | B14: Mật khẩu dưới 6 ký tự (BVA) | C14: Modal mở tab Đăng ký. | D14: 1. Nhập Mật khẩu: '12345' (5 ký tự) 2. Bấm 'Đăng ký ngay'. | E14: Hệ thống báo lỗi: "Mật khẩu phải có độ dài từ 6 ký tự trở lên." | F14: Form giữ nguyên. | G14: Pass | H14: 26/09/2026 | I14: Kiểm thử biên BVA
A15: [Register-06] | B15: Mật khẩu xác nhận không trùng khớp | C15: Modal mở tab Đăng ký. | D15: 1. Mật khẩu: 'pass123456' 2. Xác nhận mật khẩu: 'pass654321' 3. Bấm 'Đăng ký ngay'. | E15: Hệ thống báo lỗi: "Mật khẩu xác nhận không khớp." | F15: Form giữ nguyên. | G15: Pass | H15: 26/09/2026 | I15: Validation logic
B16: Check Business
A17: [Register-07] | B17: Đăng ký thành công với thông tin đầy đủ hợp lệ | C17: Chưa có tài khoản. | D17: 1. Nhập Họ tên: 'Trần Văn An', Email: 'an.tran@gamerent.vn', Pass: 'pass123456' 2. Bấm 'Đăng ký ngay'. | E17: 1. Đăng ký thành công. 2. Dữ liệu ghi nhận vào cơ sở dữ liệu LocalStorage. 3. Thông báo tạo tài khoản thành công. | F17: Tài khoản mới được tạo. | G17: Pass | H17: 26/09/2026 | I17: Normal case
A18: [Register-08] | B18: Đăng ký khi Email đã tồn tại trong hệ thống | C18: Hệ thống đã có tài khoản: 'admin@gamerent.vn'. | D18: 1. Nhập Email: 'admin@gamerent.vn' 2. Bấm 'Đăng ký ngay'. | E18: Hệ thống báo lỗi: "Email này đã được đăng ký tài khoản." | F18: Từ chối tạo tài khoản trùng lặp. | G18: Pass | H18: 26/09/2026 | I18: Chống trùng lặp email
A19: [Register-09] | B19: Tự động đăng nhập và khởi tạo số dư ví 50.000 VNĐ | C19: Thực hiện đăng ký mới thành công. | D19: 1. Bấm 'Đăng ký ngay' với thông tin chuẩn. 2. Quan sát trạng thái người dùng trên Navbar. | E19: 1. Tự động đăng nhập với quyền 'renter'. 2. Số dư ví được khởi tạo chính xác 50.000 VNĐ. | F19: Tài khoản sẵn sàng thuê nick. | G19: Pass | H19: 26/09/2026 | I19: Tích hợp ITC-01
A20: [Register-10] | B20: Đồng bộ danh sách khách hàng sang Admin CRM | C20: Khách hàng mới đăng ký xong. | D20: 1. Mở trang Admin Dashboard (tab Khách hàng). 2. Kiểm tra danh sách khách hàng. | E20: Khách hàng mới 'Trần Văn An' lập tức xuất hiện trong danh sách quản lý với status = 'active'. | F20: Nhất quán dữ liệu 100%. | G20: Pass | H20: 26/09/2026 | I20: Tích hợp ITC-08

Sheet Wallet
A2: Module Code | B2: Wallet
A3: Test requirement | B3: Kiểm thử phân hệ Ví điện tử & Cổng nạp tiền VietQR Napas247: kiểm tra hạn mức nạp, sinh mã VietQR động, cộng dồn số dư ví và lưu lịch sử giao dịch thời gian thực.
A4: Tester | B4: Nhóm 15 (Lê Minh Quân, Lê Hải Đăng, Lê Xuân Đạt, Lê Thanh Tùng)
A5: Pass | B5: Fail | C5: Untested | D5: N/A | E5: Number of Test cases
A6: =COUNTIF(G10:G60,"Pass") | B6: =COUNTIF(G10:G60,"Fail") | C6: =E6-D6-B6-A6 | D6: =COUNTIF(G10:G60,"N/A") | E6: =COUNTIF(G10:G60,"Pass")+COUNTIF(G10:G60,"Fail")+COUNTIF(G10:G60,"Untested")+COUNTIF(G10:G60,"N/A")
A8: ID | B8: Test Case Description | C8: Pre-condition | D8: Test Steps | E8: Expected Output | F8: Post-condtion | G8: Result | H8: Test date | I8: Note
B9: Check validation
A10: [Wallet-01] | B10: Nhập số tiền nạp dưới mức tối thiểu (< 10.000 VNĐ) | C10: Đã đăng nhập, mở modal Nạp tiền. | D10: 1. Nhập số tiền: 5.000 VNĐ (dưới biên 10k) 2. Bấm 'Tạo mã VietQR'. | E10: Hệ thống báo lỗi: "Số tiền nạp tối thiểu là 10.000 VNĐ." | F10: Không tạo mã QR. | G10: Pass | H10: 26/09/2026 | I10: BVA Biên dưới F_WAL_DEP
A11: [Wallet-02] | B11: Nhập số tiền nạp vượt mức tối đa (> 5.000.000 VNĐ) | C11: Mở modal Nạp tiền. | D11: 1. Nhập số tiền: 6.000.000 VNĐ (vượt biên 5 triệu) 2. Bấm 'Tạo mã VietQR'. | E11: Hệ thống báo lỗi: "Số tiền nạp tối đa một lần là 5.000.000 VNĐ." | F11: Không tạo mã QR. | G11: Pass | H11: 26/09/2026 | I11: BVA Biên trên F_WAL_DEP
A12: [Wallet-03] | B12: Nhập số tiền là số âm hoặc chữ cái | C12: Mở modal Nạp tiền. | D12: 1. Nhập số tiền: '-50000' hoặc 'abc' 2. Bấm 'Tạo mã VietQR'. | E12: Hệ thống chặn nhập hoặc báo lỗi: "Số tiền nạp không hợp lệ." | F12: Chặn submit form. | G12: Pass | H12: 26/09/2026 | I12: Kiểm thử EP
B13: Check Business
A14: [Wallet-04] | B14: Tạo mã VietQR động theo mệnh giá chọn sẵn (200.000 VNĐ) | C14: Đang mở modal nạp tiền. | D14: 1. Chọn nhanh gói 200.000 VNĐ. 2. Bấm 'Tạo mã VietQR'. | E14: 1. Hiển thị mã QR chuẩn Napas247 có logo VietQR. 2. Hiển thị nội dung chuyển khoản mã giao dịch duy nhất (TX-XXXX). | F14: Mã QR sẵn sàng quét. | G14: Pass | H14: 26/09/2026 | I14: VietQR Generator
A15: [Wallet-05] | B15: Mô phỏng quét mã thành công, số dư ví tự động cộng dồn | C15: Ví hiện có 50.000 VNĐ, đang mở mã QR 200.000 VNĐ. | D15: 1. Bấm 'Xác Nhận Đã Chuyển Khoản' (Auto Hook). | E15: 1. Số dư ví tăng lên đúng 250.000 VNĐ (50k + 200k). 2. Modal thông báo nạp tiền thành công. | F15: Số dư ví cập nhật tức thì. | G15: Pass | H15: 26/09/2026 | I15: Tích hợp ITC-02
A16: [Wallet-06] | B16: Ghi nhận lịch sử giao dịch nạp tiền thời gian thực | C16: Nạp tiền 200.000 VNĐ thành công. | D16: 1. Mở tab Lịch sử giao dịch trên WalletPage. | E16: Xuất hiện bản ghi giao dịch mới: Loại 'Nạp tiền VietQR', Số tiền '+200.000 VNĐ', Thời gian chuẩn xác. | F16: Lịch sử biến động minh bạch. | G16: Pass | H16: 26/09/2026 | I16: State Transition Audit
A17: [Wallet-07] | B17: Kiểm tra xử lý làm tròn tránh lỗi số thực Floating-Point | C17: Thực hiện nạp tiền và trừ tiền lẻ nhiều lần. | D17: 1. Nạp và gia hạn liên tiếp các mốc 15.000 VNĐ và 25.000 VNĐ. | E17: Số dư ví luôn là số nguyên tuyệt đối, không xuất hiện phần thập phân như .0000000001 (Fixed BUG-IT-001). | F17: Số dư ví chuẩn xác 100%. | G17: Pass | H17: 26/09/2026 | I17: Fixed BUG-IT-001
A18: [Wallet-08] | B18: Hủy thao tác nạp tiền, bảo toàn số dư ví | C18: Mở modal nạp tiền. | D18: 1. Bấm icon 'X' đóng modal hoặc click ra ngoài overlay. | E18: Modal đóng lại an toàn, số dư ví và lịch sử không thay đổi. | F18: Trạng thái ví được bảo toàn. | G18: Pass | H18: 26/09/2026 | I18: User Cancel Action

Sheet Rental
A2: Module Code | B2: Rental
A3: Test requirement | B3: Kiểm thử luồng Thuê tài khoản game 24/7: kiểm tra kiểm soát số dư ví, trừ tiền thuê, chuyển trạng thái tài khoản trong kho và bàn giao thông tin đăng nhập in-game tức thì 1 giây.
A4: Tester | B4: Nhóm 15 (Lê Minh Quân, Lê Hải Đăng, Lê Xuân Đạt, Lê Thanh Tùng)
A5: Pass | B5: Fail | C5: Untested | D5: N/A | E5: Number of Test cases
A6: =COUNTIF(G10:G60,"Pass") | B6: =COUNTIF(G10:G60,"Fail") | C6: =E6-D6-B6-A6 | D6: =COUNTIF(G10:G60,"N/A") | E6: =COUNTIF(G10:G60,"Pass")+COUNTIF(G10:G60,"Fail")+COUNTIF(G10:G60,"Untested")+COUNTIF(G10:G60,"N/A")
A8: ID | B8: Test Case Description | C8: Pre-condition | D8: Test Steps | E8: Expected Output | F8: Post-condtion | G8: Result | H8: Test date | I8: Note
B9: Check validation
A10: [Rental-01] | B10: Chọn thời gian thuê = 0 giờ | C10: Mở modal Thuê tài khoản. | D10: 1. Nhập số giờ thuê: 0 2. Bấm 'Xác nhận thuê'. | E10: Hệ thống báo lỗi thời gian thuê tối thiểu 1 giờ. | F10: Chặn gửi đơn thuê. | G10: Pass | H10: 26/09/2026 | I10: BVA Biên dưới F_RENT_CALC
A11: [Rental-02] | B11: Chưa tick chọn đồng ý điều khoản dịch vụ | C11: Mở modal Thuê tài khoản. | D11: 1. Chọn 2 giờ thuê (30.000 VNĐ) 2. Bỏ tick ô 'Tôi đồng ý điều khoản' 3. Bấm 'Xác nhận thuê'. | E11: Nút bấm bị vô hiệu hóa (disabled) hoặc báo lỗi yêu cầu đồng ý điều khoản. | F11: Chặn giao dịch. | G11: Pass | H11: 26/09/2026 | I11: UI Policy Validation
B12: Check Business
A13: [Rental-03] | B13: Thuê tài khoản thành công khi số dư ví đủ chi trả | C13: Ví có 250.000 VNĐ, tài khoản ACC-VAL-01 giá 15k/h đang Available. | D13: 1. Chọn thuê 2 giờ (30.000 VNĐ) 2. Tick đồng ý điều khoản 3. Bấm 'Xác Nhận Thuê'. | E13: 1. Ví bị trừ đúng 30.000 VNĐ (còn 220.000 VNĐ). 2. Modal bàn giao mật khẩu hiển thị thông tin đăng nhập. 3. Tài khoản game đổi trạng thái sang 'rented'. | F13: Tài khoản bàn giao thành công. | G13: Pass | H13: 26/09/2026 | I13: Tích hợp ITC-03
A14: [Rental-04] | B14: Chặn thuê tài khoản khi số dư ví không đủ | C14: Ví có 20.000 VNĐ, đơn thuê yêu cầu 45.000 VNĐ (3 giờ). | D14: 1. Bấm 'Xác Nhận Thuê'. | E14: 1. Hệ thống chặn thanh toán. 2. Hiển thị thông báo số dư không đủ và gợi ý mở modal Nạp tiền. | F14: Ví không bị trừ tiền. | G14: Pass | H14: 26/09/2026 | I14: F_RENT_CALC Decision Table
A15: [Rental-05] | B15: Bàn giao tài khoản và mật khẩu in-game tức thì 1-click | C15: Giao dịch thanh toán thuê thành công. | D15: 1. Xem giao diện bàn giao mật khẩu bí mật. 2. Bấm nút 'Copy 1-click' tài khoản và mật khẩu. | E15: 1. Hiển thị rõ Tên đăng nhập và Mật khẩu in-game bí mật. 2. Dữ liệu được chép vào Clipboard máy tính với thông báo toast. | F15: Trải nghiệm tiện lợi tức thì. | G15: Pass | H15: 26/09/2026 | I15: Feature Instant Delivery
A16: [Rental-06] | B16: Cập nhật trạng thái tài khoản trong kho sang 'rented' | C16: Khách hàng hoàn tất thanh toán thuê nick. | D16: 1. Trở về trang danh mục kho tài khoản. | E16: Thẻ tài khoản đổi badge sang 'Đang thuê' (Rented), ẩn nút 'Thuê ngay', không cho khách khác thuê trùng. | F16: Khóa độc quyền phiên chơi. | G16: Pass | H16: 26/09/2026 | I16: Inventory State Lock
A17: [Rental-07] | B17: Khởi tạo đơn thuê mới trong My Rentals với status 'active' | C17: Thuê nick 2 giờ thành công. | D17: 1. Mở trang Đơn thuê của tôi (My Rentals). | E17: Xuất hiện thẻ đơn thuê mới ORDER-XXXX với đồng hồ đếm ngược 02:00:00 đang chạy. | F17: Đơn thuê được ghi nhận chuẩn xác. | G17: Pass | H17: 26/09/2026 | I17: My Rentals Page Binding
A18: [Rental-08] | B18: Chống xung đột tài nguyên khi 2 khách cùng bấm thuê 1 lúc | C18: 2 khách hàng cùng xem 1 tài khoản Available duy nhất. | D18: 1. Cả 2 cùng bấm xác nhận thuê đồng thời. | E18: Khách hàng bấm trước 1ms được thuê thành công; khách hàng bấm sau nhận thông báo tài khoản vừa được người khác thuê. | F18: Chống Race Condition tuyệt đối. | G18: Pass | H18: 26/09/2026 | I18: STC-E2E-12 Concurrency Lock

Sheet Timer
A2: Module Code | B2: Timer
A3: Test requirement | B3: Kiểm thử bộ đếm ngược thời gian thực CountdownTimer và cơ chế Gia hạn giờ chơi: giám sát từng giây theo Date.now(), cảnh báo 3 cấp độ màu và tự động thu hồi/reset mật khẩu khi hết giờ.
A4: Tester | B4: Nhóm 15 (Lê Minh Quân, Lê Hải Đăng, Lê Xuân Đạt, Lê Thanh Tùng)
A5: Pass | B5: Fail | C5: Untested | D5: N/A | E5: Number of Test cases
A6: =COUNTIF(G10:G60,"Pass") | B6: =COUNTIF(G10:G60,"Fail") | C6: =E6-D6-B6-A6 | D6: =COUNTIF(G10:G60,"N/A") | E6: =COUNTIF(G10:G60,"Pass")+COUNTIF(G10:G60,"Fail")+COUNTIF(G10:G60,"Untested")+COUNTIF(G10:G60,"N/A")
A8: ID | B8: Test Case Description | C8: Pre-condition | D8: Test Steps | E8: Expected Output | F8: Post-condtion | G8: Result | H8: Test date | I8: Note
B9: Check validation
A10: [Timer-01] | B10: Chọn gia hạn 0 giờ | C10: Mở modal Gia hạn trên đơn thuê. | D10: 1. Nhập số giờ gia hạn: 0 2. Bấm 'Xác nhận gia hạn'. | E10: Hệ thống báo lỗi thời gian gia hạn tối thiểu 1 giờ. | F10: Chặn gia hạn. | G10: Pass | H10: 26/09/2026 | I10: BVA Extension Input
A11: [Timer-02] | B11: Gia hạn khi số dư ví không đủ chi trả | C11: Ví có 5.000 VNĐ, giá gia hạn 1 giờ là 15.000 VNĐ. | D11: 1. Chọn gia hạn 1 giờ 2. Bấm 'Xác nhận gia hạn'. | E11: Hệ thống báo lỗi số dư ví không đủ và đề xuất nạp thêm. | F11: Không trừ ví, không cộng giờ. | G11: Pass | H11: 26/09/2026 | I11: Balance Check Logic
B12: Check Business
A13: [Timer-03] | B13: Đồng hồ CountdownTimer đếm ngược chuẩn xác theo Date.now() | C13: Đơn thuê 2 giờ vừa được kích hoạt. | D13: 1. Quan sát đồng hồ đếm ngược trên MyRentalsPage trong 10 giây. | E13: Đồng hồ đếm ngược giảm đều đặn từng giây (01:59:59 -> 01:59:50) dựa trên mốc chênh lệch thời gian tuyệt đối. | F13: Đếm ngược chuẩn xác không trôi. | G13: Pass | H13: 26/09/2026 | I13: Timestamp Accuracy
A14: [Timer-04] | B14: Hệ thống cảnh báo 3 cấp độ màu sắc trực quan | C14: Theo dõi đồng hồ ở các mốc thời gian khác nhau. | D14: 1. Thời gian > 1 giờ: Màu Xanh lục. 2. Thời gian < 1 giờ: Chuyển sang Vàng cam cảnh báo. 3. Thời gian = 0: Chuyển Đỏ. | E14: Giao diện đổi màu tương ứng giúp người dùng nhận diện ngay nguy cơ hết giờ chơi. | F14: Trải nghiệm trực quan cao. | G14: Pass | H14: 26/09/2026 | I14: UI 3-Level State
A15: [Timer-05] | B15: Gia hạn giờ thuê thành công: Cộng nối tiếp không đè Date.now() | C15: Đơn thuê còn 30 phút, khách gia hạn thêm 1 giờ (15k). | D15: 1. Bấm 'Gia hạn thêm giờ', xác nhận thanh toán. | E15: 1. Ví bị trừ 15.000 VNĐ. 2. Mốc kết thúc (expiresAt) được cộng nối tiếp thêm 3.600s vào hạn cũ (lên 01:30:00, Fixed BUG-IT-002). | F15: Phiên chơi liền mạch không ngắt quãng. | G15: Pass | H15: 26/09/2026 | I15: Tích hợp ITC-04
A16: [Timer-06] | B16: Tự động chuyển đơn hàng sang 'completed' khi hết giờ | C16: Đơn thuê đếm ngược về 00:00:00. | D16: 1. Chờ hết giờ hoặc tua nhanh bằng fast forward. | E16: Đơn thuê tự động đổi trạng thái sang 'completed', đồng hồ dừng, thông báo hết phiên thuê. | F16: Thu hồi phiên chơi tự động. | G16: Pass | H16: 26/09/2026 | I16: Auto Expiration Transition
A17: [Timer-07] | B17: Tự động sinh mật khẩu ngẫu nhiên mới bảo mật | C17: Đơn hàng vừa hoàn tất chu kỳ hết giờ. | D17: 1. Hệ thống tự động kích hoạt hàm generateRandomPassword(). | E17: Sinh mật khẩu ngẫu nhiên mới (12-14 ký tự gồm chữ hoa, thường, số, ký tự đặc biệt) đảm bảo khác mật khẩu cũ (Fixed BUG-IT-005). | F17: Bảo mật tài khoản tuyệt đối. | G17: Pass | H17: 26/09/2026 | I17: Tích hợp ITC-07
A18: [Timer-08] | B18: Tự động đưa tài khoản game về trạng thái Available | C18: Hệ thống đổi mật khẩu mới xong. | D18: 1. Kiểm tra trạng thái tài khoản trong kho hàng. | E18: Tài khoản game chuyển từ 'rented' sang 'available', mở nút 'Thuê ngay' cho khách tiếp theo. | F18: Chu trình tự động hóa 24/7 khép kín. | G18: Pass | H18: 26/09/2026 | I18: Ready for Next Renter

Sheet Refund
A2: Module Code | B2: Refund
A3: Test requirement | B3: Kiểm thử hai chính sách bồi hoàn linh hoạt: Trả nick sớm hoàn 50% tiền thời gian thừa và Khách báo lỗi in-game được Admin duyệt bồi hoàn bảo hiểm 100%.
A4: Tester | B4: Nhóm 15 (Lê Minh Quân, Lê Hải Đăng, Lê Xuân Đạt, Lê Thanh Tùng)
A5: Pass | B5: Fail | C5: Untested | D5: N/A | E5: Number of Test cases
A6: =COUNTIF(G10:G60,"Pass") | B6: =COUNTIF(G10:G60,"Fail") | C6: =E6-D6-B6-A6 | D6: =COUNTIF(G10:G60,"N/A") | E6: =COUNTIF(G10:G60,"Pass")+COUNTIF(G10:G60,"Fail")+COUNTIF(G10:G60,"Untested")+COUNTIF(G10:G60,"N/A")
A8: ID | B8: Test Case Description | C8: Pre-condition | D8: Test Steps | E8: Expected Output | F8: Post-condtion | G8: Result | H8: Test date | I8: Note
B9: Check validation
A10: [Refund-01] | B10: Gửi khiếu nại nhưng bỏ trống lý do sự cố | C10: Mở modal Khiếu nại (DisputeModal). | D10: 1. Không nhập lý do sự cố 2. Bấm 'Gửi khiếu nại'. | E10: Hệ thống báo lỗi: "Vui lòng nhập chi tiết sự cố bạn gặp phải". | F10: Chặn gửi đơn khiếu nại. | G10: Pass | H10: 26/09/2026 | I10: Validation Dispute Reason
A11: [Refund-02] | B11: Gửi khiếu nại sau khi đã quá hạn 15 phút đầu | C11: Đơn thuê đã chơi được 45 phút (> 15 phút bảo hiểm). | D11: 1. Bấm gửi khiếu nại đổi pass/lỗi nick. | E11: Hệ thống thông báo đã hết thời gian cam kết bảo hiểm 15 phút đầu, chuyển sang hỗ trợ hotline. | F11: Đảm bảo công bằng chống gian lận. | G11: Pass | H11: 26/09/2026 | I11: Policy 15-Minute Window
B12: Check Business
A13: [Refund-03] | B13: Trả nick sớm: Tính toán hoàn tiền 50% thời gian chưa sử dụng | C13: Đơn thuê 3 giờ (45.000 VNĐ), mới chơi 1 giờ, thời gian thừa 2 giờ. | D13: 1. Khách bấm 'Trả Nick Sớm' tại ReturnEarlyModal. | E13: Hệ thống tính đúng số tiền hoàn: 2h x 15.000đ x 50% = 15.000 VNĐ. | F13: Công thức hoàn tiền chuẩn xác. | G13: Pass | H13: 26/09/2026 | I13: Formula 50% Refund
A14: [Refund-04] | B14: Trả nick sớm: Cộng tiền vào ví và đổi trạng thái acc | C14: Xác nhận trả nick sớm. | D14: 1. Bấm 'Xác Nhận Trả Sớm'. | E14: 1. Ví khách được cộng ngay 15.000 VNĐ. 2. Đơn hàng chuyển sang 'completed'. 3. Acc chuyển sang 'need_change_pass' (Fixed BUG-IT-004). | F14: Khách nhận đủ tiền thừa. | G14: Pass | H14: 26/09/2026 | I14: Tích hợp ITC-06
A15: [Refund-05] | B15: Khách gửi khiếu nại sự cố thành công trong 15 phút đầu | C15: Khách phát hiện acc bị sai mật khẩu hoặc dính 2FA. | D15: 1. Nhập lý do: 'Mật khẩu in-game không đúng' 2. Bấm 'Gửi khiếu nại'. | E15: 1. Đơn thuê chuyển sang trạng thái 'disputed'. 2. Thông báo yêu cầu đã chuyển đến Admin chờ giải quyết. | F15: Ghi nhận khiếu nại thành công. | G15: Pass | H15: 26/09/2026 | I15: Dispute Flow Trigger
A16: [Refund-06] | B16: Admin phê duyệt khiếu nại: Bồi hoàn 100% tiền đơn vào ví khách | C16: Admin mở tab Khiếu nại trên OverviewDashboard. | D16: 1. Xem đơn khiếu nại hợp lệ 2. Bấm 'Phê duyệt hoàn tiền 100%'. | E16: 1. Đơn chuyển trạng thái 'refunded'. 2. Số dư ví khách được cộng lại đầy đủ 100% tiền thuê (Fixed BUG-IT-003). | F16: Bảo vệ quyền lợi khách hàng 100%. | G16: Pass | H16: 26/09/2026 | I16: Tích hợp ITC-05
A17: [Refund-07] | B17: Admin phê duyệt khiếu nại: Cách ly tài khoản lỗi vào bảo trì | C17: Admin duyệt khiếu nại thành công. | D17: 1. Kiểm tra trạng thái tài khoản game trong kho. | E17: Tài khoản game tự động đổi sang 'maintenance' (Bảo trì), không cho phép khách khác thuê để kỹ thuật kiểm tra. | F17: Cách ly tài khoản lỗi an toàn. | G17: Pass | H17: 26/09/2026 | I17: Isolation Security
A18: [Refund-08] | B18: Admin từ chối khiếu nại khi phát hiện lý do gian lận | C18: Khách gửi lý do vu khống hoặc không hợp lệ. | D18: 1. Admin bấm 'Từ chối khiếu nại' 2. Nhập lý do từ chối. | E18: Đơn thuê chuyển về 'active' hoặc 'rejected', số dư ví khách không hoàn lại, thông báo lý do cho khách. | F18: Kiểm soát rủi ro gian lận. | G18: Pass | H18: 26/09/2026 | I18: Reject Dispute Scenario

Sheet Product
A2: Module Code | B2: Product
A3: Test requirement | B3: Kiểm thử biểu mẫu Thêm mới tài khoản game theo tài liệu đặc tả đề bài UC1_Add New Product: áp dụng kỹ thuật BVA/EP kiểm thử giá trị biên và các quy tắc nghiệp vụ BR1-BR6.
A4: Tester | B4: Nhóm 15 (Lê Minh Quân, Lê Hải Đăng, Lê Xuân Đạt, Lê Thanh Tùng)
A5: Pass | B5: Fail | C5: Untested | D5: N/A | E5: Number of Test cases
A6: =COUNTIF(G10:G60,"Pass") | B6: =COUNTIF(G10:G60,"Fail") | C6: =E6-D6-B6-A6 | D6: =COUNTIF(G10:G60,"N/A") | E6: =COUNTIF(G10:G60,"Pass")+COUNTIF(G10:G60,"Fail")+COUNTIF(G10:G60,"Untested")+COUNTIF(G10:G60,"N/A")
A8: ID | B8: Test Case Description | C8: Pre-condition | D8: Test Steps | E8: Expected Output | F8: Post-condtion | G8: Result | H8: Test date | I8: Note
B9: Check validation
A10: [Product-01] | B10: Tiêu đề tài khoản để trống (BR1) | C10: Admin mở modal Thêm tài khoản. | D10: 1. Để trống Tiêu đề (title) 2. Nhập các trường khác hợp lệ 3. Bấm 'Lưu sản phẩm'. | E10: Báo lỗi: "Tiêu đề tài khoản không được để trống." | F10: Form giữ nguyên. | G10: Pass | H10: 26/09/2026 | I10: BR1 Validation F_ADM_PROD
A11: [Product-02] | B11: Giá thuê dưới 5.000 VNĐ (BVA BR3) | C11: Admin mở modal Thêm tài khoản. | D11: 1. Nhập Giá thuê: 4.000 VNĐ (dưới biên 5k) 2. Bấm 'Lưu sản phẩm'. | E11: Báo lỗi: "Giá thuê mỗi giờ phải từ 5.000 VNĐ đến 100.000 VNĐ." | F11: Form giữ nguyên. | G11: Pass | H11: 26/09/2026 | I11: BR3 BVA Biên dưới
A12: [Product-03] | B12: Giá thuê vượt quá 100.000 VNĐ (BVA BR3) | C12: Admin mở modal Thêm tài khoản. | D12: 1. Nhập Giá thuê: 105.000 VNĐ (vượt biên 100k) 2. Bấm 'Lưu sản phẩm'. | E12: Báo lỗi: "Giá thuê mỗi giờ phải từ 5.000 VNĐ đến 100.000 VNĐ." | F12: Form giữ nguyên. | G12: Pass | H12: 26/09/2026 | I12: BR3 BVA Biên trên
A13: [Product-04] | B13: Mật khẩu in-game dưới 6 ký tự (BR4) | C13: Admin mở modal Thêm tài khoản. | D13: 1. Nhập Mật khẩu in-game: 'abc' (3 ký tự) 2. Bấm 'Lưu sản phẩm'. | E13: Báo lỗi: "Mật khẩu in-game phải có độ dài tối thiểu 6 ký tự." | F13: Form giữ nguyên. | G13: Pass | H13: 26/09/2026 | I13: BR4 Validation
B14: Check Business
A15: [Product-05] | B15: Thêm mới tài khoản game thành công chuẩn UC1 | C15: Admin điền đầy đủ thông tin hợp lệ (Game, Title, Rank, Giá 15k, Pass in-game, Ảnh bìa). | D15: 1. Bấm 'Thêm tài khoản vào kho'. | E15: 1. Hệ thống sinh mã tài khoản mới ACC-XXX. 2. Trạng thái khởi tạo là 'available'. 3. Modal đóng lại, toast thông báo thành công. | F15: Tài khoản mới được ghi nhận. | G15: Pass | H15: 26/09/2026 | I15: UC1 Happy Path
A16: [Product-06] | B16: Tài khoản mới tạo xuất hiện ngay lập tức trên trang chủ | C16: Admin thêm acc mới thành công. | D16: 1. Ra trang chủ (Home Page) hoặc lọc theo game. | E16: Thẻ tài khoản mới xuất hiện đầy đủ tên game, rank, ảnh bìa, giá thuê 15k/h và nút 'Thuê ngay'. | F16: Đồng bộ giao diện khách tức thì. | G16: Pass | H16: 26/09/2026 | I16: Realtime Catalog Update
A17: [Product-07] | B17: Kiểm tra phân quyền: Khách thường không được vào form thêm nick | C17: Người dùng đang đăng nhập với quyền Renter. | D17: 1. Cố ý điều hướng vào URL Admin hoặc mở modal Thêm nick. | E17: Hệ thống chặn truy cập, chuyển hướng về trang chủ hoặc thông báo không có quyền. | F17: Bảo mật phân quyền RBAC. | G17: Pass | H17: 26/09/2026 | I17: Security Access Control
A18: [Product-08] | B18: Xử lý tải ảnh đại diện sản phẩm từ máy tính | C18: Admin thêm tài khoản. | D18: 1. Chọn ảnh bìa định dạng JPG/PNG dung lượng hợp lệ 2. Xem khung preview ảnh. | E18: Ảnh hiển thị preview sắc nét, form chấp nhận dữ liệu Base64/URL. | F18: Hỗ trợ media sản phẩm. | G18: Pass | H18: 26/09/2026 | I18: Image Upload Capability

Sheet Customer
A2: Module Code | B2: Customer
A3: Test requirement | B3: Kiểm thử phân hệ Quản lý khách hàng (CRM): kiểm tra tính năng tra cứu, lọc danh sách, xem chi tiết lịch sử thuê, khóa tài khoản vi phạm và đồng bộ dữ liệu tập trung.
A4: Tester | B4: Nhóm 15 (Lê Minh Quân, Lê Hải Đăng, Lê Xuân Đạt, Lê Thanh Tùng)
A5: Pass | B5: Fail | C5: Untested | D5: N/A | E5: Number of Test cases
A6: =COUNTIF(G10:G60,"Pass") | B6: =COUNTIF(G10:G60,"Fail") | C6: =E6-D6-B6-A6 | D6: =COUNTIF(G10:G60,"N/A") | E6: =COUNTIF(G10:G60,"Pass")+COUNTIF(G10:G60,"Fail")+COUNTIF(G10:G60,"Untested")+COUNTIF(G10:G60,"N/A")
A8: ID | B8: Test Case Description | C8: Pre-condition | D8: Test Steps | E8: Expected Output | F8: Post-condtion | G8: Result | H8: Test date | I8: Note
B9: Check validation
A10: [Customer-01] | B10: Tìm kiếm với từ khóa không tồn tại | C10: Admin mở trang Quản lý khách hàng. | D10: 1. Nhập từ khóa tìm kiếm: 'xyz_unknown_999' 2. Quan sát kết quả. | E10: Bảng hiển thị thông báo: "Không tìm thấy khách hàng nào phù hợp". | F10: Xử lý tìm kiếm rỗng an toàn. | G10: Pass | H10: 26/09/2026 | I10: Empty State Handling
A11: [Customer-02] | B11: Cập nhật số điện thoại sai định dạng | C11: Mở modal chỉnh sửa khách hàng. | D11: 1. Nhập SĐT: '0912abc' (chứa chữ cái) 2. Bấm 'Lưu thay đổi'. | E11: Báo lỗi: "Số điện thoại không hợp lệ (phải gồm 10 chữ số)". | F11: Chặn lưu dữ liệu sai. | G11: Pass | H11: 26/09/2026 | I11: Phone Validation
B12: Check Business
A13: [Customer-03] | B13: Tra cứu và lọc khách hàng theo tên, email, trạng thái | C13: Trang Quản lý khách hàng đang hiển thị. | D13: 1. Lọc theo trạng thái 'Active' 2. Tìm kiếm 'Nguyễn Văn Hùng'. | E13: Bảng lọc chuẩn xác dòng thông tin khách hàng KH002 kèm email hung.nguyen@gmail.com. | F13: Tìm kiếm thời gian thực nhạy bén. | G13: Pass | H13: 26/09/2026 | I13: Search & Filter Feature
A14: [Customer-04] | B14: Hiển thị chuẩn xác tổng chi tiêu và số đơn hàng đã thuê | C14: Xem thông tin khách hàng KH002. | D14: 1. Đối chiếu tổng số đơn và chi tiêu trên hệ thống. | E14: Số đơn hiển thị đúng '8 đơn', tổng chi tiêu đúng '165.000 VNĐ'. | F14: Thống kê dữ liệu tài chính chính xác. | G14: Pass | H14: 26/09/2026 | I14: Metrics Accuracy
A15: [Customer-05] | B15: Khóa tài khoản khách hàng có hành vi vi phạm (isBlocked = true) | C15: Admin phát hiện khách có hành vi phá hoại. | D15: 1. Bấm nút 'Khóa tài khoản' 2. Xác nhận khóa. | E15: 1. Status khách hàng đổi sang 'blocked'. 2. Khách hàng này bị chặn đăng nhập ngay lập tức. | F15: Kiểm soát an ninh tài khoản. | G15: Pass | H15: 26/09/2026 | I15: Block User Flow
A16: [Customer-06] | B16: Mở khóa tài khoản khách hàng khi hết thời hạn xử phạt | C16: Khách hàng đang ở trạng thái 'blocked'. | D16: 1. Admin bấm nút 'Mở khóa' 2. Xác nhận. | E16: Status khách hàng đổi về 'active', khôi phục quyền đăng nhập và thuê nick bình thường. | F16: Mở khóa linh hoạt. | G16: Pass | H16: 26/09/2026 | I16: Unblock User Flow
A17: [Customer-07] | B17: Đồng bộ tự động khi khách hàng mới đăng ký tài khoản | C17: Khách hàng đăng ký tài khoản mới ngoài trang chủ. | D17: 1. Admin đang mở tab Khách hàng. | E17: Khách hàng mới xuất hiện ngay lập tức trên bảng quản trị mà không cần reload trang. | F17: Đồng bộ trạng thái Client-Admin. | G17: Pass | H17: 26/09/2026 | I17: Tích hợp ITC-08

Sheet Favorites
A2: Module Code | B2: Favorites
A3: Test requirement | B3: Kiểm thử cơ chế Danh sách yêu thích độc lập (Favorites Separation): đảm bảo mỗi người dùng có danh sách lưu trữ riêng biệt trên LocalStorage, không bị lộ hay ghi đè lẫn nhau.
A4: Tester | B4: Nhóm 15 (Lê Minh Quân, Lê Hải Đăng, Lê Xuân Đạt, Lê Thanh Tùng)
A5: Pass | B5: Fail | C5: Untested | D5: N/A | E5: Number of Test cases
A6: =COUNTIF(G10:G60,"Pass") | B6: =COUNTIF(G10:G60,"Fail") | C6: =E6-D6-B6-A6 | D6: =COUNTIF(G10:G60,"N/A") | E6: =COUNTIF(G10:G60,"Pass")+COUNTIF(G10:G60,"Fail")+COUNTIF(G10:G60,"Untested")+COUNTIF(G10:G60,"N/A")
A8: ID | B8: Test Case Description | C8: Pre-condition | D8: Test Steps | E8: Expected Output | F8: Post-condtion | G8: Result | H8: Test date | I8: Note
B9: Check validation
A10: [Favorites-01] | B10: Nhấn yêu thích khi chưa đăng nhập hệ thống | C10: Người dùng ở trạng thái Guest (Chưa đăng nhập). | D10: 1. Bấm vào icon trái tim trên thẻ tài khoản game. | E10: Hệ thống tự động hiển thị modal Đăng nhập (AuthModal) yêu cầu xác thực tài khoản. | F10: Chặn thao tác người dùng ẩn danh. | G10: Pass | H10: 26/09/2026 | I10: Auth Guard for Favorites
B11: Check Business
A12: [Favorites-02] | B12: Thêm tài khoản vào danh sách yêu thích thành công | C12: Khách hàng 'renter01' đã đăng nhập. | D12: 1. Bấm icon trái tim trên acc ACC-VAL-01. | E12: 1. Icon trái tim lập tức chuyển sang màu Đỏ. 2. Acc được thêm vào mảng yêu thích của renter01. | F12: Yêu thích thành công. | G12: Pass | H12: 26/09/2026 | I12: Add Favorite Action
A13: [Favorites-03] | B13: Bỏ thích tài khoản khỏi danh sách | C13: Tài khoản đang có icon tim màu đỏ. | D13: 1. Bấm lại vào icon trái tim. | E13: 1. Icon trái tim chuyển về màu xám viền mỏng. 2. Acc bị xóa khỏi danh sách yêu thích. | F13: Bỏ yêu thích thành công. | G13: Pass | H13: 26/09/2026 | I13: Remove Favorite Action
A14: [Favorites-04] | B14: Phân tách độc lập key lưu trữ theo tài khoản trong LocalStorage | C14: Hai người dùng renter01 và admin cùng thao tác. | D14: 1. 'renter01' thích ACC01, ACC02. 2. 'admin' thích ACC03. 3. Kiểm tra LocalStorage. | E14: LocalStorage lưu 2 key hoàn toàn riêng biệt: 'gamerent_favorites_renter01' và 'gamerent_favorites_admin'. | F14: Tách biệt dữ liệu tuyệt đối. | G14: Pass | H14: 26/09/2026 | I14: Tích hợp ITC-09
A15: [Favorites-05] | B15: Kiểm tra không bị ghi đè dữ liệu khi chuyển đổi tài khoản | C15: Đăng xuất tài khoản này và đăng nhập tài khoản khác. | D15: 1. Đăng nhập lại 'renter01'. | E15: Chỉ hiển thị danh sách của renter01 (ACC01, ACC02), không thấy ACC03 của admin. | F15: Bảo mật thông tin cá nhân hóa. | G15: Pass | H15: 26/09/2026 | I15: Unit test F_FAV_SEP
A16: [Favorites-06] | B16: Duy trì danh sách yêu thích khi tải lại trang (F5 / Reload) | C16: Đang lưu 2 tài khoản yêu thích. | D16: 1. Nhấn F5 tải lại toàn bộ trang web. | E16: Các icon trái tim vẫn giữ nguyên màu đỏ, danh sách yêu thích không bị mất. | F16: Bảo toàn trạng thái LocalStorage. | G16: Pass | H16: 26/09/2026 | I16: Persistence Check

Sheet ChangePass
A2: Module Code | B2: ChangePass
A3: Test requirement | B3: Kiểm thử chức năng Đổi mật khẩu cá nhân (Change Password): kiểm tra xác thực mật khẩu hiện tại, độ mạnh mật khẩu mới, kiểm tra mật khẩu xác nhận và cập nhật bảo mật an toàn.
A4: Tester | B4: Nhóm 15 (Lê Minh Quân, Lê Hải Đăng, Lê Xuân Đạt, Lê Thanh Tùng)
A5: Pass | B5: Fail | C5: Untested | D5: N/A | E5: Number of Test cases
A6: =COUNTIF(G10:G60,"Pass") | B6: =COUNTIF(G10:G60,"Fail") | C6: =E6-D6-B6-A6 | D6: =COUNTIF(G10:G60,"N/A") | E6: =COUNTIF(G10:G60,"Pass")+COUNTIF(G10:G60,"Fail")+COUNTIF(G10:G60,"Untested")+COUNTIF(G10:G60,"N/A")
A8: ID | B8: Test Case Description | C8: Pre-condition | D8: Test Steps | E8: Expected Output | F8: Post-condtion | G8: Result | H8: Test date | I8: Note
B9: Check validation
A10: [ChangePass-01] | B10: Để trống mật khẩu hiện tại | C10: Khách hàng mở trang Cài đặt (Settings). | D10: 1. Bỏ trống Mật khẩu hiện tại 2. Nhập mật khẩu mới hợp lệ 3. Bấm 'Đổi mật khẩu'. | E10: Hệ thống báo lỗi: "Vui lòng nhập mật khẩu hiện tại." | F10: Chặn đổi mật khẩu. | G10: Pass | H10: 26/09/2026 | I10: Unit test F_AUTH_CHG_PWD
A11: [ChangePass-02] | B11: Mật khẩu mới dưới 6 ký tự (BVA) | C11: Mở trang Cài đặt. | D11: 1. Nhập mật khẩu mới: 'abc' (3 ký tự) 2. Bấm 'Đổi mật khẩu'. | E11: Hệ thống báo lỗi: "Mật khẩu mới phải có ít nhất 6 ký tự." | F11: Chặn đổi mật khẩu. | G11: Pass | H11: 26/09/2026 | I11: Kiểm thử biên BVA
A12: [ChangePass-03] | B12: Mật khẩu mới trùng với mật khẩu hiện tại | C12: Mở trang Cài đặt. | D12: 1. Nhập mật khẩu mới giống hệt mật khẩu cũ 2. Bấm 'Đổi mật khẩu'. | E12: Hệ thống báo lỗi: "Mật khẩu mới không được trùng với mật khẩu cũ." | F12: Chặn đổi mật khẩu. | G12: Pass | H12: 26/09/2026 | I12: Security Best Practice
A13: [ChangePass-04] | B13: Xác nhận mật khẩu mới không khớp | C13: Mở trang Cài đặt. | D13: 1. Mật khẩu mới: 'newpass123' 2. Xác nhận: 'wrongpass456' 3. Bấm 'Đổi mật khẩu'. | E13: Hệ thống báo lỗi: "Mật khẩu xác nhận không khớp." | F13: Chặn đổi mật khẩu. | G13: Pass | H13: 26/09/2026 | I13: Validation Match
B14: Check Business
A15: [ChangePass-05] | B15: Đổi mật khẩu thành công khi thông tin hợp lệ | C15: Khách hàng nhập đúng pass cũ và pass mới chuẩn. | D15: 1. Bấm 'Đổi mật khẩu'. | E15: 1. Hệ thống báo đổi mật khẩu thành công. 2. Cập nhật mật khẩu mới vào cơ sở dữ liệu. 3. Form tự động reset. | F15: Đổi mật khẩu thành công. | G15: Pass | H15: 26/09/2026 | I15: Tích hợp ITC-10
A16: [ChangePass-06] | B16: Đăng xuất và đăng nhập lại bằng mật khẩu mới | C16: Đã đổi mật khẩu thành công. | D16: 1. Đăng xuất tài khoản. 2. Đăng nhập bằng pass cũ -> Báo lỗi. 3. Đăng nhập bằng pass mới -> Đăng nhập thành công. | E16: Mật khẩu cũ bị vô hiệu hóa hoàn toàn, mật khẩu mới có hiệu lực vĩnh viễn. | F16: Hoàn thiện bảo mật tài khoản. | G16: Pass | H16: 26/09/2026 | I16: E2E Authentication Flow

Sheet Test Report
B1: TEST REPORT
B3: Project Name | C3: =Cover!C4 | E3: Creator | G3: =Cover!G4
B4: Project Code | C4: =Cover!C5 | E4: Reviewer/Approver | G4: =Cover!G5
B5: Document Code | C5: =C4&"_"&"Test Report"&"_"&"v1.0" | E5: Issue Date | G5: 26/09/2026
B6: Notes | C6: Báo cáo tổng hợp kết quả thực thi kiểm thử 10 phân hệ chức năng trọng tâm của hệ thống GameRent (Nhóm 15). Toàn bộ 81 test cases đã được thực thi và đạt tỷ lệ thành công 100% (Pass).
B10: No | C10: Module code | D10: Pass | E10: Fail | F10: Untested | G10: N/A | H10: Number of test cases
B11: 1 | C11: ='Login'!B2 | D11: ='Login'!A6 | E11: ='Login'!B6 | F11: ='Login'!C6 | G11: ='Login'!D6 | H11: ='Login'!E6
B12: 2 | C12: ='Register'!B2 | D12: ='Register'!A6 | E12: ='Register'!B6 | F12: ='Register'!C6 | G12: ='Register'!D6 | H12: ='Register'!E6
B13: 3 | C13: ='Wallet'!B2 | D13: ='Wallet'!A6 | E13: ='Wallet'!B6 | F13: ='Wallet'!C6 | G13: ='Wallet'!D6 | H13: ='Wallet'!E6
B14: 4 | C14: ='Rental'!B2 | D14: ='Rental'!A6 | E14: ='Rental'!B6 | F14: ='Rental'!C6 | G14: ='Rental'!D6 | H14: ='Rental'!E6
B15: 5 | C15: ='Timer'!B2 | D15: ='Timer'!A6 | E15: ='Timer'!B6 | F15: ='Timer'!C6 | G15: ='Timer'!D6 | H15: ='Timer'!E6
B16: 6 | C16: ='Refund'!B2 | D16: ='Refund'!A6 | E16: ='Refund'!B6 | F16: ='Refund'!C6 | G16: ='Refund'!D6 | H16: ='Refund'!E6
B17: 7 | C17: ='Product'!B2 | D17: ='Product'!A6 | E17: ='Product'!B6 | F17: ='Product'!C6 | G17: ='Product'!D6 | H17: ='Product'!E6
B18: 8 | C18: ='Customer'!B2 | D18: ='Customer'!A6 | E18: ='Customer'!B6 | F18: ='Customer'!C6 | G18: ='Customer'!D6 | H18: ='Customer'!E6
B19: 9 | C19: ='Favorites'!B2 | D19: ='Favorites'!A6 | E19: ='Favorites'!B6 | F19: ='Favorites'!C6 | G19: ='Favorites'!D6 | H19: ='Favorites'!E6
B20: 10 | C20: ='ChangePass'!B2 | D20: ='ChangePass'!A6 | E20: ='ChangePass'!B6 | F20: ='ChangePass'!C6 | G20: ='ChangePass'!D6 | H20: ='ChangePass'!E6
C21: Sub total | D21: =SUM(D11:D20) | E21: =SUM(E11:E20) | F21: =SUM(F11:F20) | G21: =SUM(G11:G20) | H21: =SUM(H11:H20)
C23: Test coverage | E23: =(D21+E21)*100/(H21-G21) | F23: %
C24: Test successful coverage | E24: =D21*100/(H21-G21) | F24: %

Sheet Requrirement
A2: 1. | B2: Wireframe & Giao diện luồng nghiệp vụ Đăng nhập & Xác thực (AuthModal GameRent)
A22: 2. | B22: Mô tả màn hình Đăng nhập (AuthModal)
B23: Màn hình thực hiện chức năng xác thực người dùng (AuthModal), hỗ trợ đăng nhập tài khoản Khách hàng (Renter) và Quản trị viên (Admin), kiểm tra mật khẩu và quản lý phiên làm việc tập trung trên LocalStorage.
B25: Tên trường | C25: Kiểu dữ liệu | D25: Độ dài | E25: Bắt buộc | F25: Định dạng
B26: Tên đăng nhập / Email | C26: String | D26: 6 - 50 | E26: y | F26: Địa chỉ Email hợp lệ (chứa ký tự @ và tên miền)
B27: Mật khẩu | C27: String | D27: 6 - 32 | E27: y | F27: Ký tự bảo mật (hỗ trợ chữ hoa, thường, số, ký tự đặc biệt)
B28: Ghi nhớ phiên đăng nhập | C28: Boolean | D28: 1 | E28: n | F28: Checkbox lưu LocalStorage (true/false)
A30: 3. | B30: Ràng buộc nghiệp vụ (Business Rules - BR1 đến BR7)
B31: 1. | C31: Nếu người dùng bỏ trống trường Email thì hệ thống hiển thị thông báo lỗi: "Email không được để trống".
B32: 2. | C32: Nếu người dùng bỏ trống trường Mật khẩu thì hệ thống hiển thị thông báo lỗi: "Mật khẩu không được để trống".
B33: 3. | C33: Nếu người dùng nhập sai mật khẩu đăng nhập thì hệ thống hiển thị thông báo lỗi: "Mật khẩu không chính xác.".
B34: 4. | C34: Nếu người dùng nhập Email chưa đăng ký trên hệ thống thì báo lỗi: "Email không tồn tại trên hệ thống.".
B35: 5. | C35: Nếu tài khoản người dùng có trạng thái bị khóa (isBlocked = true) do vi phạm quy chế thì hệ thống chặn truy cập và thông báo: "Tài khoản của bạn đang bị khóa do vi phạm quy chế.".
B36: 6. | C36: Đăng nhập thành công sẽ lưu thông tin phiên làm việc vào LocalStorage (key: 'gamerent_current_user'), cập nhật Header/Navbar với tên người dùng, avatar, số dư ví và phân quyền tương ứng (Renter hoặc Admin).
B37: 7. | C37: Khi người dùng nhấn 'Đăng xuất', hệ thống phải xóa hoàn toàn thông tin phiên trong LocalStorage và chuyển giao diện về trạng thái chưa đăng nhập an toàn.
A39: 4. | B39: Ma trận truy vết yêu cầu & Kiến trúc tích hợp (Requirement Traceability Matrix)
B40: Mã Req | C40: Phân hệ / Chức năng | D40: Thành phần tích hợp (Architecture Components) | E40: Số ca TC | F40: Mã ca kiểm thử bao phủ (Test Case Coverage)
B41: REQ-01 | C41: Đăng nhập hệ thống (Login) | D41: AuthModal ↔ AppContext ↔ LocalStorage | E41: 12 | F41: [Login-01] đến [Login-12]
B42: REQ-02 | C42: Đăng ký tài khoản mới (Register) | D42: AuthModal (Register Tab) ↔ AppContext ↔ Wallet | E42: 10 | F42: [Register-01] đến [Register-10]
B43: REQ-03 | C43: Nạp tiền ví VietQR Napas247 (Deposit) | D43: DepositModal ↔ VietQR Engine ↔ AppContext | E43: 8 | F43: [Wallet-01] đến [Wallet-08]
B44: REQ-04 | C44: Thuê tài khoản & Bàn giao pass (Rental) | D44: RentConfirmModal ↔ AccountCard ↔ AppContext | E44: 8 | F44: [Rental-01] đến [Rental-08]
B45: REQ-05 | C45: Giám sát đếm ngược & Gia hạn (Timer) | D45: CountdownTimer ↔ ExtendRentalModal ↔ AppContext | E45: 8 | F45: [Timer-01] đến [Timer-08]
B46: REQ-06 | C46: Trả nick sớm & Khiếu nại (Refund) | D46: ReturnEarlyModal ↔ DisputeModal ↔ OverviewDashboard | E46: 8 | F46: [Refund-01] đến [Refund-08]
B47: REQ-07 | C47: Quản trị thêm nick vào kho (Product) | D47: Admin OverviewDashboard ↔ Form UC1 ↔ Inventory DB | E47: 8 | F47: [Product-01] đến [Product-08]
B48: REQ-08 | C48: Quản lý khách hàng CRM (Customer) | D48: CustomersPage ↔ CRM Engine ↔ AppContext | E48: 7 | F48: [Customer-01] đến [Customer-07]
B49: REQ-09 | C49: Phân tách danh sách yêu thích (Favorites) | D49: FavoriteButton ↔ LocalStorage Key ↔ State | E49: 6 | F49: [Favorites-01] đến [Favorites-06]
B50: REQ-10 | C50: Đổi mật khẩu người dùng (ChangePass) | D50: SettingsPage ↔ Security Engine ↔ LocalStorage | E50: 6 | F50: [ChangePass-01] đến [ChangePass-06]
