Workbook

Sheet Cover
B2: TEST CASE
B4: Project Name | C4: GameRent - Website Cho Thuê Tài Khoản Game Tự Động 24/7 | F4: Creator | G4: Nhóm 15 (Lê Minh Quân, Lê Hải Đăng, Lê Xuân Đạt, Lê Thanh Tùng)
B5: Project Code | C5: GAMERENT | F5: Reviewer/Approver | G5: ThS. Phạm Thị Loan
B6: Document Code | C6: =C5&"_"&"STC"&"_"&"v1.0" -> GAMERENT_STC_v1.0 | F6: Issue Date | G6: 26/09/2026
F7: Version | G7: 1.0
B10: Record of change
B11: Effective Date | C11: Version | D11: Change Item | E11: *A,D,M | F11: Change description | H11: Reference
B12: 10/09/2026 | C12: 0.1 | D12: Khởi tạo tài liệu và thiết kế kịch bản kiểm thử hệ thống | E12: A | F12: Khởi tạo tài liệu đặc tả kiểm thử hệ thống (System Testing), thiết kế các kịch bản kiểm thử E2E toàn trình cho dự án GameRent theo biểu mẫu chuẩn. | H12: SRS GameRent v1.0, Tài liệu thiết kế hệ thống
B13: 26/09/2026 | C13: 1.0 | D13: Hoàn thiện trọn bộ kịch bản kiểm thử hệ thống dự án GameRent | E13: M | F13: Cập nhật hoàn chỉnh toàn bộ 7 kịch bản kiểm thử E2E hệ thống (12 ca kiểm thử toàn trình), bảng Test case List, sơ đồ Luồng nghiệp vụ, Bug Log và Test Report liên kết công thức tự động 100% Pass. | H13: Mã nguồn GameRent, Bộ kiểm thử tự động Vitest Suite, Báo cáo BTL KTPM
B14: *A: Added, D: Deleted, M: Modified

Sheet Luồng nghiệp vụ
B2: ĐẶC TẢ CÁC LUỒNG QUY TRÌNH NGHIỆP VỤ HỆ THỐNG GAMERENT (BUSINESS PROCESS WORKFLOW)
B4: 1. QUY TRÌNH NGHIỆP VỤ KHÁCH HÀNG THUÊ TÀI KHOẢN GAME TRỰC TUYẾN TỰ ĐỘNG (END-TO-END FLOW)
B5: Bước thực hiện | C5: Tên giai đoạn | D5: Mô tả chi tiết luồng nghiệp vụ E2E
B6: Bước 1 | C6: Khởi tạo tài khoản | D6: Khách hàng truy cập GameRent, nhấn 'Đăng ký' -> Điền form thông tin hợp lệ -> Hệ thống tạo tài khoản và tự động nạp 50.000 VNĐ vào ví trải nghiệm tân thủ.
B7: Bước 2 | C7: Nạp tiền ví VietQR | D7: Khách hàng mở modal Ví điện tử, chọn hạn mức nạp tiền (100.000 VNĐ) -> Quét mã VietQR động chuẩn NAPAS -> Số dư ví được cộng dồn thời gian thực lên 150.000 VNĐ.
B8: Bước 3 | C8: Duyệt kho & Chọn acc | D8: Khách hàng duyệt danh mục, áp dụng bộ lọc Game (Valorant/LMHT/Genshin), khoảng giá, skin độc quyền và nhấn icon Trái tim lưu tài khoản yêu thích (Favorites) độc lập.
B9: Bước 4 | C9: Xác nhận thuê tức thì | D9: Khách hàng bấm 'Thuê Ngay', chọn thời lượng thuê (2 giờ - 30.000 VNĐ), đồng ý cam kết điều khoản -> Nhấn 'Xác Nhận Thuê' -> Hệ thống trừ tiền ví và đổi trạng thái acc sang 'rented'.
B10: Bước 5 | C10: Bàn giao mật khẩu bí mật | D10: Hệ thống hiển thị modal bàn giao thông tin gồm Tên đăng nhập và Mật khẩu in-game bí mật kèm nút 'Sao chép 1-click' an toàn hoạt động trên cả HTTP/HTTPS.
B11: Bước 6 | C11: Giám sát thời gian thực | D11: Khách hàng vào 'Đơn thuê của tôi', theo dõi đồng hồ CountdownTimer đếm ngược chuẩn xác theo mốc Date.now(), hiển thị màu Xanh lục (>1h), Vàng cam (<1h) và Đỏ khi hết giờ.
B12: Bước 7 | C12: Rẽ nhánh: Gia hạn giờ | D12: Trước khi hết hạn, khách hàng bấm 'Gia hạn' thêm 1 giờ (15.000 VNĐ) -> Hệ thống trừ tiền ví và cộng dồn 3.600 giây trực tiếp mà không ngắt quãng phiên chơi game.
B13: Bước 8 | C13: Rẽ nhánh: Trả nick sớm | D13: Khách hàng chơi xong sớm bấm 'Trả Nick Sớm' -> Hệ thống tính toán hoàn lại 50% tiền thời gian chưa dùng vào ví, kết thúc đơn hàng và chuyển acc sang trạng thái 'need_change_pass'.
B14: Bước 9 | C14: Rẽ nhánh: Báo lỗi sự cố | D14: Nếu gặp sự cố in-game (sai pass/dính 2FA), khách hàng bấm 'Báo Lỗi / Khiếu Nại' -> Admin tiếp nhận và phê duyệt hoàn tiền bảo hiểm 100%, đồng thời đưa acc vào diện bảo trì.
B16: 2. QUY TRÌNH NGHIỆP VỤ QUẢN TRỊ VIÊN (ADMIN) VẬN HÀNH KHO & ĐIỀU PHỐI THỜI GIAN THỰC
B17: Bước thực hiện | C17: Tên giai đoạn | D17: Mô tả chi tiết luồng nghiệp vụ E2E
B18: Bước 1 | C18: Đăng nhập quyền Admin | D18: Quản trị viên đăng nhập với tài khoản admin@gamerent.vn -> Hệ thống kích hoạt quyền quản trị RBAC và hiển thị menu Quản trị.
B19: Bước 2 | C19: Thêm mới acc chuẩn UC1 | D19: Admin vào Kho tài khoản, bấm 'Thêm Acc Mới' -> Nhập đầy đủ theo quy chuẩn UC1_Add New Product (Mã, Game, Tiêu đề <= 50 ký tự, Giá thuê/h, Upload ảnh <= 1MB, Pass gốc) -> Tài khoản hiển thị trên Cửa hàng Client.
B20: Bước 3 | C20: Giám sát Live Sessions | D20: Admin mở OverviewDashboard, theo dõi trực quan trạng thái tất cả các phiên thuê đang chạy (Live Rentals) và tình trạng doanh thu, khiếu nại theo thời gian thực.
B21: Bước 4 | C21: Điều phối can thiệp Live | D21: Khi máy chủ game bảo trì, Admin bấm vào Live Session chọn 'Bù giờ (+1h)' -> Hệ thống cộng thêm 3.600 giây cho khách hàng hoàn toàn miễn phí.
B22: Bước 5 | C22: Quản trị khách hàng CRM | D22: Admin tra cứu danh sách thành viên, số dư ví, lịch sử giao dịch và thực hiện Khóa tài khoản (Block User) khi phát hiện gian lận quy chế.
B24: 3. CƠ CHẾ KIỂM SOÁT TRANH CHẤP TÀI NGUYÊN (CONCURRENCY & ANTI-RACE CONDITION)
B25: Bước thực hiện | C25: Tên giai đoạn | D25: Mô tả chi tiết luồng nghiệp vụ E2E
B26: Bước 1 | C26: Yêu cầu thuê đồng thời | D26: Hai khách hàng A và B cùng mở modal thuê trên cùng một tài khoản VIP duy nhất tại cùng thời điểm.
B27: Bước 2 | C27: Khóa tài nguyên nguyên tử | D27: Khách A nhấn xác nhận trước 0.1s -> Hàm rentAccount kích hoạt Atomic Check & Lock -> Xác nhận đơn thuê của A thành công, trừ ví A và chuyển trạng thái acc sang 'rented'.
B28: Bước 3 | C28: Từ chối giao dịch xung đột | D28: Giao dịch của Khách B đến sau lập tức bị từ chối với thông báo 'Tài khoản vừa được người khác thuê' -> Ví của B được giữ nguyên vẹn 100%, ngăn ngừa tuyệt đối Double-booking.

Sheet Test case List
D1: TEST CASE LIST
B3: Project Name | D3: =Cover!C4 -> GameRent - Website Cho Thuê Tài Khoản Game Tự Động 24/7
B4: Project Code | D4: =Cover!C5 -> GAMERENT
B5: Test Environment Setup Description | D5: Môi trường kiểm thử hệ thống & kịch bản E2E toàn trình GameRent: 1. Ứng dụng Client: React 19.x, Vite 5.x, Vanilla CSS Design System, Responsive UI (Google Chrome v120+, Edge v120+) 2. Lưu trữ dữ liệu: LocalStorage Database Engine Mock, React Context API, Web Workers / Window Timers 3. Tự động hóa kiểm thử: Vitest Automation Suite v5.0, jsdom, React Testing Library (10/10 test suites, Pass 100%) 4. Nền tảng: Windows 11 64-bit, Multi-platform web, Localhost dev server (http://localhost:5173), UTF-8 Encoding
B8: No | C8: Function Name | D8: Sheet Name | E8: Description | F8: Pre-Condition
B9: 1 | C9: Xác thực, Phân quyền & RBAC | D9: ST_AUTH_RBAC | E9: Kiểm thử luồng Đăng ký thành viên tự động nhận ví trải nghiệm 50k và chặn đăng nhập đối với tài khoản bị Admin khóa (isBlocked). | F9: Trình duyệt mở trang chủ GameRent, chưa đăng nhập hoặc đăng nhập bằng tài khoản bị khóa.
B10: 2 | C10: Duyệt kho, Lọc & Yêu thích | D10: ST_CATALOG_FAV | E10: Kiểm thử tìm kiếm skin, lọc theo thể loại game, tầm giá và cơ chế lưu trữ danh sách yêu thích độc lập cho từng tài khoản. | F10: Kho tài khoản có ít nhất 10 acc game đa dạng, người dùng đăng nhập tài khoản cá nhân.
B11: 3 | C11: Nạp tiền VietQR & Thuê acc E2E | D11: ST_WALLET_RENT | E11: Kiểm thử quy trình nạp tiền ví tự động bằng VietQR và luồng thuê tài khoản game tức thì, bàn giao thông tin in-game 1-click. | F11: Khách hàng đã đăng nhập, số dư ví ban đầu 50.000 VNĐ, tài khoản game ở trạng thái available.
B12: 4 | C12: Giám sát thời gian thực & Gia hạn | D12: ST_TIMER_EXT | E12: Kiểm thử đồng hồ CountdownTimer đếm ngược chuẩn từng giây, cơ chế cảnh báo đổi màu và tính năng gia hạn thêm giờ liền mạch. | F12: Khách hàng đang có 1 đơn thuê active thời lượng 2 giờ, số dư ví đủ điều kiện gia hạn.
B13: 5 | C13: Trả sớm & Khiếu nại bảo hiểm 100% | D13: ST_EARLY_DISPUTE | E13: Kiểm thử chính sách hoàn trả 50% khi trả nick sớm và cơ chế bồi thường bảo hiểm 100% tiền đơn khi khách khiếu nại sự cố. | F13: Khách hàng có đơn thuê đang active (trả sớm) hoặc phát sinh lỗi in-game sai pass trong 15 phút đầu.
B14: 6 | C14: Quản trị kho UC1 & Điều phối Live | D14: ST_ADMIN_DISPATCH | E14: Kiểm thử form thêm acc chuẩn 100% tài liệu UC1_Add New Product và tính năng Admin can thiệp điều phối bù giờ Live Session. | F14: Người dùng đăng nhập với tài khoản Quản trị viên (admin@gamerent.vn), mở trang Quản lý kho / Dashboard.
B15: 7 | C15: Đồng thời & Chống Race Condition | D15: ST_CONCURRENCY | E15: Kiểm thử khả năng xử lý tranh chấp tài nguyên đồng thời khi 2 khách hàng cùng bấm thuê 1 acc tại 1 thời điểm (chống Double-booking). | F15: Tài khoản game VIP ở trạng thái duy nhất 'available', 2 khách hàng A và B cùng mở modal thuê đồng thời.

Sheet ST_AUTH_RBAC
A2: Module Code | B2: ST_AUTH_RBAC
A3: Test requirement | B3: Kiểm thử hệ thống luồng Xác thực thành viên mới, Phân quyền Role-based Access Control (Client vs Admin), và cơ chế Chặn tài khoản vi phạm (isBlocked).
A4: Tester | B4: Nhóm 15 (Lê Minh Quân, Lê Thanh Tùng)
A5: Pass | B5: Fail | C5: Untested | D5: N/A | E5: Number of Test cases
A6: =COUNTIF(G9:G100,"Pass") -> 2 | B6: =COUNTIF(G9:G100,"Fail") -> 0 | C6: =E6-D6-B6-A6 -> 0 | D6: =COUNTIF(G9:G100,"N/A") -> 0 | E6: =COUNTA(A9:A100) -> 2
A8: ID | B8: Test Case Description | C8: Pre-condition | D8: Test Steps | E8: Expected Output | F8: Post-condtion | G8: Result | H8: Test date | I8: Note
A9: [STC-E2E-01] | B9: Đăng ký thành viên mới trên Web App và tự động nhận ví trải nghiệm 50.000 VNĐ. Kiểm tra toàn diện luồng: Mở AuthModal -> Nhập form hợp lệ -> Submit -> Lưu User -> Khởi tạo ví 50k -> Cập nhật Header & CRM. | C9: 1. Khách vãng lai truy cập website GameRent lần đầu (chưa có tài khoản, session trống). 2. Trình duyệt đã kết nối internet, Navbar ở trạng thái Chưa đăng nhập. | D9: 1. Nhấn nút 'Đăng ký' trên thanh Navbar. 2. Tại form AuthModal (tab Đăng ký), nhập: - Họ tên: 'Nguyễn Văn Chơi Game' - Tên đăng nhập: 'new_player' - Email: 'newplayer@gmail.com' - Mật khẩu: '123456' - Nhập lại MK: '123456' - SĐT: '0987654321' 3. Nhấn nút 'Đăng ký ngay'. 4. Kiểm tra Header và mở Admin CRM đối chiếu. | E9: 1. Toast Alert hiển thị: 'Đăng ký tài khoản thành công! Chào mừng new_player'. 2. Modal tự đóng, Header hiển thị tên 'new_player' và ví có sẵn 50.000 VNĐ. 3. Khách hàng mới xuất hiện ngay trong bảng User của CRM Admin. | F9: Tài khoản 'new_player' có trạng thái Active trong LocalStorage gamerent_users; ví có 50.000 VNĐ trong gamerent_wallet_balance. | G9: Pass | H9: 26/09/2026 | I9: Pass thực tế trên React 19 và Vitest automated test suite.
A10: [STC-E2E-02] | B10: Đăng nhập với tài khoản bị Admin khóa do vi phạm quy chế (isBlocked = true). Kiểm tra cơ chế RBAC và chính sách an ninh: Hệ thống phát hiện cờ isBlocked và chặn truy cập tức thì. | C10: 1. Admin đã bật cờ isBlocked = true đối với tài khoản bad_user@gamerent.vn trong trang Quản lý CRM. 2. Người dùng đang ở màn hình ngoài, chưa đăng nhập. | D10: 1. Nhấn nút 'Đăng nhập' trên thanh Navbar. 2. Tại form AuthModal (tab Đăng nhập), nhập: - Email/Username: 'bad_user@gamerent.vn' - Mật khẩu: '123456' 3. Nhấn nút 'Đăng nhập'. | E10: 1. Hệ thống từ chối xác thực đăng nhập. 2. Xuất hiện cảnh báo màu đỏ: 'Tài khoản của bạn đang bị khóa do vi phạm quy chế sử dụng dịch vụ. Vui lòng liên hệ bộ phận hỗ trợ!'. 3. Phiên đăng nhập không được cấp, Header giữ nguyên trạng thái Khách vãng lai. | F10: Trạng thái phiên đăng nhập không đổi; không phát sinh token truy cập trái phép. | G10: Pass | H10: 26/09/2026 | I10: Khắc phục triệt để lỗi BUG-ST-005; cơ chế bảo vệ phân quyền chặt chẽ.

Sheet ST_CATALOG_FAV
A2: Module Code | B2: ST_CATALOG_FAV
A3: Test requirement | B3: Kiểm thử khả năng tìm kiếm, phân loại theo Game, tầm giá, từ khóa skin và lưu tài khoản yêu thích (Favorites) độc lập theo từng tài khoản.
A4: Tester | B4: Nhóm 15 (Lê Hải Đăng, Lê Minh Quân)
A5: Pass | B5: Fail | C5: Untested | D5: N/A | E5: Number of Test cases
A6: =COUNTIF(G9:G100,"Pass") -> 1 | B6: =COUNTIF(G9:G100,"Fail") -> 0 | C6: =E6-D6-B6-A6 -> 0 | D6: =COUNTIF(G9:G100,"N/A") -> 0 | E6: =COUNTA(A9:A100) -> 1
A8: ID | B8: Test Case Description | C8: Pre-condition | D8: Test Steps | E8: Expected Output | F8: Post-condtion | G8: Result | H8: Test date | I8: Note
A9: [STC-E2E-03] | B9: Tìm kiếm từ khóa, kết hợp bộ lọc game/giá và lưu tài khoản vào danh sách Yêu thích độc lập. Kiểm chứng lưới hiển thị danh mục sản phẩm (Account Catalog), cơ chế debounce search, và lưu trữ LocalStorage gamerent_favorites_<userId>. | C9: 1. Người dùng đã đăng nhập tài khoản hợp lệ. 2. Kho tài khoản có ít nhất 10 acc game đa dạng thể loại (Valorant, LMHT, Genshin...). | D9: 1. Trên trang Cửa hàng, click chọn tab game 'Valorant'. 2. Tại dropdown lọc giá, chọn khoảng giá 'Dưới 20.000 VNĐ/h'. 3. Tại thanh tìm kiếm, nhập từ khóa skin: 'Prime'. 4. Nhấn icon Trái tim trên thẻ tài khoản 'ACCVAL001 - Vandal Prime'. 5. Bấm nút lọc 'Yêu thích của tôi'. 6. Đăng xuất và đăng nhập tài khoản khác để đối chiếu. | E9: 1. Lưới sản phẩm chỉ hiển thị các acc Valorant có skin Prime giá < 20k. 2. Icon Trái tim đổi sang màu đỏ rực kèm hiệu ứng nảy micro-animation. 3. Khi bấm 'Yêu thích của tôi', danh sách chỉ hiện đúng acc vừa lưu. 4. Đăng nhập tài khoản khác: danh sách yêu thích hoàn toàn độc lập, không bị ghi đè lẫn nhau. | F9: Dữ liệu lưu trong LocalStorage gamerent_favorites_<userId> được phân tách an toàn. | G9: Pass | H9: 26/09/2026 | I9: Xác nhận đạt 100% trong automated test suite favoritesSeparation.test.js.

Sheet ST_WALLET_RENT
A2: Module Code | B2: ST_WALLET_RENT
A3: Test requirement | B3: Kiểm thử quy trình nạp tiền tự động qua cổng VietQR chuẩn NAPAS và quy trình thuê tài khoản game tức thì, bàn giao thông tin in-game bí mật.
A4: Tester | B4: Nhóm 15 (Lê Minh Quân, Lê Xuân Đạt)
A5: Pass | B5: Fail | C5: Untested | D5: N/A | E5: Number of Test cases
A6: =COUNTIF(G9:G100,"Pass") -> 2 | B6: =COUNTIF(G9:G100,"Fail") -> 0 | C6: =E6-D6-B6-A6 -> 0 | D6: =COUNTIF(G9:G100,"N/A") -> 0 | E6: =COUNTA(A9:A100) -> 2
A8: ID | B8: Test Case Description | C8: Pre-condition | D8: Test Steps | E8: Expected Output | F8: Post-condtion | G8: Result | H8: Test date | I8: Note
A9: [STC-E2E-04] | B9: Nạp tiền ví tự động bằng VietQR với hạn mức BVA hợp lệ (100.000 VNĐ) và cập nhật số dư thời gian thực. Kiểm tra modal nạp tiền, sinh mã VietQR động có nội dung chuyển khoản mã hóa, và ghi nhận Transaction History. | C9: Khách hàng đã đăng nhập tài khoản 'player01', số dư ví hiện tại là 50.000 VNĐ. | D9: 1. Click vào Badge hiển thị số dư ví trên Navbar để mở modal 'Nạp Tiền Ví VietQR'. 2. Chọn gói nạp nhanh: 100.000 VNĐ (hạn mức BVA hợp lệ). 3. Hệ thống tạo mã QR động ngân hàng MBBank với cú pháp GR_NAP_player01_100K. 4. Giả lập quét mã thành công và nhấn nút 'Tôi Đã Chuyển Khoản / Xác Nhận Nạp'. 5. Kiểm tra cập nhật số dư ví trên Header và danh mục Lịch sử giao dịch. | E9: 1. Toast thành công hiển thị: 'Nạp thành công 100.000 VNĐ qua VietQR!'. 2. Số dư ví trên Header tự động cộng dồn lên đúng 150.000 VNĐ tức thì không cần F5. 3. Bảng Lịch sử giao dịch ghi nhận 1 bản ghi mới: Loại 'Nạp tiền', Số tiền '+100.000 VNĐ', Trạng thái 'Thành công'. | F9: Số dư ví trong LocalStorage là 150.000 VNĐ; giao dịch được lưu vết hoàn chỉnh. | G9: Pass | H9: 26/09/2026 | I9: Đạt chuẩn kiểm thử phân tích giá trị biên BVA (10k, 50k, 100k, 500k, 2tr).
A10: [STC-E2E-05] | B10: Thuê tài khoản game tức thì (2 giờ) và nhận thông tin tài khoản in-game bí mật kèm nút Copy 1-click. Kiểm tra trừ tiền ví, chuyển đổi trạng thái tài khoản từ available sang rented, tạo đơn thuê mới và mở Modal bàn giao thông tin. | C10: 1. Khách hàng đã đăng nhập, số dư ví có 150.000 VNĐ. 2. Tài khoản game 'ACCVAL001' có đơn giá 15.000 VNĐ/giờ, trạng thái 'available'. | D10: 1. Tại trang Cửa hàng, click nút 'Thuê Ngay' trên thẻ acc 'ACCVAL001'. 2. Modal xác nhận thuê xuất hiện: - Chọn thời lượng thuê: 2 giờ. - Xem tổng tiền tạm tính: 30.000 VNĐ. - Tick chọn 'Tôi đồng ý với quy chế thuê tài khoản'. 3. Nhấn nút 'Xác Nhận Thuê'. 4. Quan sát modal bàn giao thông tin và kiểm tra trạng thái trên Cửa hàng. | E10: 1. Số dư ví khách hàng bị trừ chính xác 30.000 VNĐ (còn lại 120.000 VNĐ). 2. Modal bàn giao thông tin hiển thị rõ: - Tên đăng nhập: riot_val_pro01 - Mật khẩu in-game: V@l0r@nt2026! (kèm nút Sao chép 1-click hoạt động trơn tru). 3. Thẻ tài khoản trên Cửa hàng đổi nhãn sang màu xám 'Đang Thuê' và nút thuê bị vô hiệu hóa. 4. Đơn thuê mới ở trạng thái 'active' xuất hiện trong trang 'Đơn thuê của tôi'. | F10: Trạng thái tài khoản = 'rented', đơn hàng lưu vào gamerent_rentals với endTime = now + 7200s. | G10: Pass | H10: 26/09/2026 | I10: Khắc phục triệt để lỗi BUG-ST-004 (sao chép mật khẩu với fallback execCommand an toàn).

Sheet ST_TIMER_EXT
A2: Module Code | B2: ST_TIMER_EXT
A3: Test requirement | B3: Kiểm thử bộ đếm ngược thời gian thực, cơ chế cảnh báo đổi màu theo thời gian còn lại, và tính năng gia hạn ca thuê liền mạch.
A4: Tester | B4: Nhóm 15 (Lê Thanh Tùng, Lê Hải Đăng)
A5: Pass | B5: Fail | C5: Untested | D5: N/A | E5: Number of Test cases
A6: =COUNTIF(G9:G100,"Pass") -> 2 | B6: =COUNTIF(G9:G100,"Fail") -> 0 | C6: =E6-D6-B6-A6 -> 0 | D6: =COUNTIF(G9:G100,"N/A") -> 0 | E6: =COUNTA(A9:A100) -> 2
A8: ID | B8: Test Case Description | C8: Pre-condition | D8: Test Steps | E8: Expected Output | F8: Post-condtion | G8: Result | H8: Test date | I8: Note
A9: [STC-E2E-06] | B9: Theo dõi đồng hồ đếm ngược CountdownTimer thời gian thực, kiểm tra cảnh báo đổi màu và không bị trôi giây khi chuyển tab. Kiểm tra cơ chế tính toán dựa trên Date.now() - rental.endTime đảm bảo chính xác tuyệt đối ngay cả khi tab trình duyệt bị ngắt nhịp (Background Throttling). | C9: Khách hàng đang có 1 đơn thuê active thời lượng 2 giờ (còn 7.199 giây). | D9: 1. Truy cập vào trang 'Đơn thuê của tôi' (MyRentalsPage). 2. Quan sát CountdownTimer hiển thị dạng 01:59:58, 01:59:57... 3. Mở tab trình duyệt khác trong 10 giây rồi quay lại tab GameRent. 4. Dùng công cụ Debug Fast Forward tua nhanh thời gian đến mốc còn 45 phút (< 1 giờ). 5. Tiếp tục tua nhanh thời gian đến khi đồng hồ đếm về 00:00:00. | E9: 1. Đồng hồ đếm ngược giảm chính xác từng giây một. 2. Khi quay lại từ tab khác, đồng hồ đồng bộ ngay theo mốc thời gian thực, không bị trôi hay đứng kim giây. 3. Quy tắc đổi màu hiển thị chính xác: - Khi còn > 1 giờ: Màu Xanh Lục (Safe / Active). - Khi còn < 1 giờ: Tự động đổi sang Màu Vàng Cam (Warning). - Khi về 00:00:00: Đổi sang Màu Đỏ (Expired) và đơn chuyển sang 'completed'. | F9: Đơn thuê hết hạn được cập nhật trạng thái; tài khoản kích hoạt luồng tự động đổi mật khẩu. | G9: Pass | H9: 26/09/2026 | I9: Khắc phục triệt để lỗi BUG-ST-002 (dùng mốc thời gian Date.now() thay vì interval trần).
A10: [STC-E2E-07] | B10: Gia hạn thêm giờ chơi khi đơn thuê đang hoạt động và số dư ví đủ điều kiện. Kiểm tra việc cộng dồn thời gian thuê, trừ tiền ví bổ sung và duy trì phiên chơi liên tục không bị gián đoạn. | C10: Đơn thuê 'ORD-001' đang còn 30 phút (1.800 giây), giá thuê 15.000 VNĐ/h, ví khách hàng có 100.000 VNĐ. | D10: 1. Tại thẻ đơn thuê 'ORD-001', nhấn nút 'Gia hạn thêm giờ'. 2. Modal gia hạn xuất hiện, chọn gia hạn: 1 giờ (+3.600s), chi phí: 15.000 VNĐ. 3. Nhấn nút 'Xác Nhận Gia Hạn'. 4. Quan sát đồng hồ CountdownTimer và số dư ví. | E10: 1. Ví khách hàng bị trừ chính xác 15.000 VNĐ (còn 85.000 VNĐ). 2. Toast thành công hiển thị: 'Gia hạn thành công thêm 1 giờ!'. 3. Đồng hồ CountdownTimer ngay lập tức nhảy tăng thêm đúng 3.600 giây (từ 30 phút lên 1 giờ 30 phút: 01:30:00). 4. Không cần đăng nhập lại hay cấp mật khẩu mới; phiên chơi được duy trì liên tục. | F10: rental.endTime được tăng thêm 3.600.000 ms; số dư ví cập nhật đúng. | G10: Pass | H10: 26/09/2026 | I10: Test kịch bản thành công 100% trên rental.test.js.

Sheet ST_EARLY_DISPUTE
A2: Module Code | B2: ST_EARLY_DISPUTE
A3: Test requirement | B3: Kiểm thử chính sách hoàn trả linh hoạt (Hoàn 50% tiền thời gian thừa khi trả nick sớm) và cơ chế Bảo hiểm hoàn tiền 100% khi phát sinh sự cố in-game.
A4: Tester | B4: Nhóm 15 (Lê Xuân Đạt, Lê Minh Quân)
A5: Pass | B5: Fail | C5: Untested | D5: N/A | E5: Number of Test cases
A6: =COUNTIF(G9:G100,"Pass") -> 2 | B6: =COUNTIF(G9:G100,"Fail") -> 0 | C6: =E6-D6-B6-A6 -> 0 | D6: =COUNTIF(G9:G100,"N/A") -> 0 | E6: =COUNTA(A9:A100) -> 2
A8: ID | B8: Test Case Description | C8: Pre-condition | D8: Test Steps | E8: Expected Output | F8: Post-condtion | G8: Result | H8: Test date | I8: Note
A9: [STC-E2E-08] | B9: Trả tài khoản sớm trước hạn và nhận hoàn tiền 50% thời gian chưa sử dụng vào ví. Kiểm chứng thuật toán hoàn tiền: refundAmount = Math.floor(unusedHours * hourlyPrice * 0.5) và thu hồi tài khoản. | C9: Đơn thuê 3 giờ (tổng 45.000 VNĐ, giá 15k/h). Khách mới chơi xong 1 giờ, thời gian còn thừa là 2 giờ tròn. Số dư ví hiện tại là 50.000 VNĐ. | D9: 1. Tại thẻ đơn thuê trên MyRentalsPage, click nút 'Trả Nick Sớm' (ReturnEarlyModal). 2. Modal hiển thị bảng tính chi tiết: - Đã thuê: 3 giờ; Đã chơi: 1 giờ; Thừa: 2 giờ - Tỷ lệ hoàn theo chính sách: 50% - Số tiền hoàn lại: 2 x 15.000 x 50% = 15.000 VNĐ. 3. Click nút 'Xác Nhận Trả Nick Sớm'. 4. Kiểm tra cập nhật ví và trạng thái đơn hàng. | E9: 1. Số dư ví khách hàng ngay lập tức được cộng thêm 15.000 VNĐ (từ 50.000 lên 65.000 VNĐ). 2. Đơn thuê chuyển sang trạng thái 'completed' với ghi chú 'Đã trả sớm và hoàn 15.000 VNĐ'. 3. Đồng hồ đếm ngược dừng lại; tài khoản game chuyển sang trạng thái need_change_pass. 4. Bảng Lịch sử giao dịch ghi nhận khoản hoàn tiền minh bạch. | F9: Ví nhận đủ 15.000 VNĐ; tài khoản game thu hồi an toàn. | G9: Pass | H9: 26/09/2026 | I9: Thuật toán hoàn tiền khớp 100% với hàm calculateRefund() trong refund.test.js.
A10: [STC-E2E-09] | B10: Báo lỗi khiếu nại sự cố in-game (Sai mật khẩu) và nhận bồi thường bảo hiểm 100% tiền đơn. Kiểm chứng luồng khiếu nại: Khách gửi Dispute -> Admin phê duyệt -> Hoàn 100% tiền đơn -> Acc chuyển sang bảo trì (maintenance). | C10: Khách hàng vừa thuê acc 'ACCLOL002' giá 30.000 VNĐ, khi vào game Riot báo 'Mật khẩu không chính xác'. Số dư ví khách là 10.000 VNĐ. | D10: 1. Trên MyRentalsPage, khách bấm nút 'Báo Lỗi / Khiếu Nại' (DisputeModal). 2. Chọn lý do: 'Sai mật khẩu in-game', nhập mô tả: 'Đăng nhập báo sai pass lúc 20:30'. 3. Nhấn 'Gửi Khiếu Nại'. 4. Đăng nhập quyền Admin, mở OverviewDashboard -> tab Khiếu nại sự cố. 5. Admin kiểm tra báo cáo và bấm 'Phê duyệt bồi thường 100%'. 6. Kiểm tra lại ví khách hàng và trạng thái tài khoản. | E10: 1. Đơn thuê chuyển ngay sang trạng thái 'refunded'. 2. Khách hàng nhận lại đủ 100% số tiền đã trả cho đơn thuê (30.000 VNĐ), ví tăng lên 40.000 VNĐ. 3. Tài khoản game tự động chuyển trạng thái sang 'maintenance' để đội ngũ kỹ thuật đổi pass, ngăn khách khác thuê phải. | F10: Khách hàng được bảo đảm quyền lợi tối đa; tài khoản lỗi được cách ly an toàn. | G10: Pass | H10: 26/09/2026 | I10: Chính sách bảo hiểm 100% là điểm nổi bật đặc biệt trong đề tài bài tập lớn của Nhóm 15.

Sheet ST_ADMIN_DISPATCH
A2: Module Code | B2: ST_ADMIN_DISPATCH
A3: Test requirement | B3: Kiểm thử chức năng Quản trị thêm mới sản phẩm theo đúng quy chuẩn tài liệu UC1_Add New Product và tính năng Điều phối can thiệp Live Session trực tiếp.
A4: Tester | B4: Nhóm 15 (Lê Hải Đăng, Lê Minh Quân)
A5: Pass | B5: Fail | C5: Untested | D5: N/A | E5: Number of Test cases
A6: =COUNTIF(G9:G100,"Pass") -> 2 | B6: =COUNTIF(G9:G100,"Fail") -> 0 | C6: =E6-D6-B6-A6 -> 0 | D6: =COUNTIF(G9:G100,"N/A") -> 0 | E6: =COUNTA(A9:A100) -> 2
A8: ID | B8: Test Case Description | C8: Pre-condition | D8: Test Steps | E8: Expected Output | F8: Post-condtion | G8: Result | H8: Test date | I8: Note
A9: [STC-E2E-10] | B9: Admin thêm tài khoản game mới vào kho chuẩn form UC1 và Client tìm thấy, thuê thành công. Kiểm chứng toàn bộ các trường nhập liệu chuẩn UC1 (Mã acc, Tiêu đề <= 50 ký tự, Giá thuê > 0, Tải ảnh <= 1MB, Mật khẩu gốc) và tính nhất quán dữ liệu. | C9: 1. Đăng nhập với tài khoản Quản trị viên (admin@gamerent.vn). 2. Mở trang Quản lý kho tài khoản (AccountInventoryPage). | D9: 1. Nhấn nút 'Thêm Acc Mới' mở modal biểu mẫu UC1. 2. Nhập các trường thông tin: - Mã tài khoản: 'ACCLQ999' - Thể loại: 'Liên Quân Mobile' - Tiêu đề: 'Thứ Nguyên Vệ Thần Nakroth Full Phù Hiệu' (42 ký tự <= 50) - Giá thuê: 20.000 VNĐ/h - Upload ảnh: file PNG 500KB (<= 1MB) - Tên đăng nhập: 'lq_nakroth_god' - Mật khẩu in-game: 'Nakroth@2026' - Rank: 'Cao Thủ' 3. Nhấn nút 'Lưu Tài Khoản'. 4. Mở tab Client người dùng, tìm kiếm 'ACCLQ999' và thuê. | E9: 1. Form kiểm tra hợp lệ toàn bộ (không vi phạm BVA, độ dài hay định dạng ảnh). 2. Tài khoản mới hiển thị ngay lập tức trong bảng Admin và xuất hiện trên Cửa hàng Client. 3. Khách hàng Client thuê thành công và nhận đúng thông tin lq_nakroth_god / Nakroth@2026. | F9: Tài khoản mới được lưu vĩnh viễn trong CSDL; chuẩn hóa 100% tài liệu UC1_Add New Product của bộ môn. | G9: Pass | H9: 26/09/2026 | I9: Khắc phục triệt để lỗi BUG-ST-003 (loại bỏ khoảng trắng trim() trước khi kiểm tra độ dài 50 ký tự).
A10: [STC-E2E-11] | B10: Admin điều phối Live Session bù giờ (+1h) khi máy chủ game phát sinh bảo trì đột xuất. Kiểm tra khả năng can thiệp trực tiếp của Admin vào đơn thuê đang chạy của khách hàng trên OverviewDashboard. | C10: Khách hàng đang có đơn thuê 'ORD-005' còn 20 phút chơi, nhưng máy chủ game bị ngắt kết nối bảo trì 30 phút. | D10: 1. Admin mở trang Tổng quan vận hành (OverviewDashboard), quan sát thẻ phiên Live Session của 'ORD-005'. 2. Click vào phiên Live để mở popover điều phối. 3. Nhấn vào nút 'Bù giờ (+1h)'. 4. Kiểm tra thông báo hệ thống và màn hình phía khách hàng. | E10: 1. Hệ thống ghi nhận lệnh điều phối, hiển thị thông báo 'Đã cộng bù 1 giờ chơi cho đơn thuê ORD-005'. 2. Phía khách hàng, đồng hồ CountdownTimer tự động tăng thêm 3.600 giây (từ 20 phút lên 1 giờ 20 phút) hoàn toàn miễn phí. 3. Số dư ví khách hàng không bị trừ bất kỳ khoản phí nào. | F10: Thời gian kết thúc đơn thuê được gia hạn bù giờ an toàn; trải nghiệm người dùng được bảo vệ tối đa. | G10: Pass | H10: 26/09/2026 | I10: Tính năng điều phối độc quyền chỉ có trên Dashboard hiện đại của GameRent.

Sheet ST_CONCURRENCY
A2: Module Code | B2: ST_CONCURRENCY
A3: Test requirement | B3: Kiểm thử khả năng chịu tải đồng thời và cơ chế Khóa giao dịch độc quyền (Atomic Concurrency Lock) ngăn chặn tuyệt đối lỗi 2 khách hàng thuê trùng 1 tài khoản.
A4: Tester | B4: Nhóm 15 (Lê Minh Quân, Lê Thanh Tùng)
A5: Pass | B5: Fail | C5: Untested | D5: N/A | E5: Number of Test cases
A6: =COUNTIF(G9:G100,"Pass") -> 1 | B6: =COUNTIF(G9:G100,"Fail") -> 0 | C6: =E6-D6-B6-A6 -> 0 | D6: =COUNTIF(G9:G100,"N/A") -> 0 | E6: =COUNTA(A9:A100) -> 1
A8: ID | B8: Test Case Description | C8: Pre-condition | D8: Test Steps | E8: Expected Output | F8: Post-condtion | G8: Result | H8: Test date | I8: Note
A9: [STC-E2E-12] | B9: Kiểm thử đua tài nguyên (Race Condition): 2 khách hàng cùng click 'Xác Nhận Thuê' trên 1 tài khoản duy nhất tại cùng thời điểm. Kiểm chứng cơ chế Atomic Check & Lock trong rentAccount(): Giao dịch nào đến trước sẽ chốt đơn, giao dịch đến sau lập tức bị từ chối và bảo toàn số dư ví. | C9: 1. Tài khoản game VIP 'ACCFS001' (FC Online) đang ở trạng thái duy nhất 'available'. 2. Khách hàng A (ví 100k) và Khách hàng B (ví 100k) cùng đăng nhập trên 2 trình duyệt độc lập và cùng mở modal xác nhận thuê 'ACCFS001'. | D9: 1. Tại cửa sổ của Khách hàng A, nhấn nút 'Xác Nhận Thuê'. 2. Gần như đồng thời (chậm hơn 0.1 giây), tại cửa sổ của Khách hàng B, nhấn nút 'Xác Nhận Thuê'. 3. Quan sát kết quả hiển thị trên màn hình và biến động ví của cả 2 khách hàng. | E9: 1. Khách hàng A: Thuê thành công, nhận tài khoản/mật khẩu in-game, ví trừ 25.000 VNĐ, tài khoản chuyển sang 'rented'. 2. Khách hàng B: Bị hệ thống chặn ngay lập tức với thông báo lỗi rõ ràng: 'Rất tiếc! Tài khoản này vừa được một khách hàng khác thuê trước vài giây. Vui lòng chọn tài khoản khác!'. 3. Ví của Khách hàng B không bị trừ bất kỳ đồng nào (vẫn giữ nguyên 100.000 VNĐ). 4. Tuyệt đối không xảy ra tình trạng Double-booking hay sai lệch trạng thái CSDL. | F9: Tính toàn vẹn dữ liệu được bảo vệ 100%; không phát sinh đơn thuê trùng lặp. | G9: Pass | H9: 26/09/2026 | I9: Khắc phục triệt để lỗi BUG-ST-001 (lỗi nghiêm trọng nhất được phân tích trong báo cáo BTL).

Sheet Test Report
B1: TEST REPORT
B3: Project Name | C3: =Cover!C4 -> GameRent - Website Cho Thuê Tài Khoản Game Tự Động 24/7 | E3: Creator | G3: =Cover!G4 -> Nhóm 15 (Lê Minh Quân, Lê Hải Đăng, Lê Xuân Đạt, Lê Thanh Tùng)
B4: Project Code | C4: =Cover!C5 -> GAMERENT | E4: Reviewer/Approver | G4: =Cover!G5 -> ThS. Phạm Thị Loan
B5: Document Code | C5: =C4&"_"&"Test Report"&"_"&"v1.0" -> GAMERENT_Test Report_v1.0 | E5: Issue Date | G5: 26/09/2026
B6: Notes | C6: Báo cáo tổng hợp kết quả thực thi 12 kịch bản Kiểm thử hệ thống End-to-End (STC-E2E-01 đến STC-E2E-12) bao phủ 7 phân hệ nghiệp vụ cốt lõi của dự án GameRent (Nhóm 15). Toàn bộ 12 ca kiểm thử đều đạt kết quả Pass 100%.
B10: No | C10: Module code | D10: Pass | E10: Fail | F10: Untested | G10: N/A | H10: Number of test cases
B11: 1 | C11: =ST_AUTH_RBAC!B2 -> ST_AUTH_RBAC | D11: =ST_AUTH_RBAC!A6 -> 2 | E11: =ST_AUTH_RBAC!B6 -> 0 | F11: =ST_AUTH_RBAC!C6 -> 0 | G11: =ST_AUTH_RBAC!D6 -> 0 | H11: =ST_AUTH_RBAC!E6 -> 2
B12: 2 | C12: =ST_CATALOG_FAV!B2 -> ST_CATALOG_FAV | D12: =ST_CATALOG_FAV!A6 -> 1 | E12: =ST_CATALOG_FAV!B6 -> 0 | F12: =ST_CATALOG_FAV!C6 -> 0 | G12: =ST_CATALOG_FAV!D6 -> 0 | H12: =ST_CATALOG_FAV!E6 -> 1
B13: 3 | C13: =ST_WALLET_RENT!B2 -> ST_WALLET_RENT | D13: =ST_WALLET_RENT!A6 -> 2 | E13: =ST_WALLET_RENT!B6 -> 0 | F13: =ST_WALLET_RENT!C6 -> 0 | G13: =ST_WALLET_RENT!D6 -> 0 | H13: =ST_WALLET_RENT!E6 -> 2
B14: 4 | C14: =ST_TIMER_EXT!B2 -> ST_TIMER_EXT | D14: =ST_TIMER_EXT!A6 -> 2 | E14: =ST_TIMER_EXT!B6 -> 0 | F14: =ST_TIMER_EXT!C6 -> 0 | G14: =ST_TIMER_EXT!D6 -> 0 | H14: =ST_TIMER_EXT!E6 -> 2
B15: 5 | C15: =ST_EARLY_DISPUTE!B2 -> ST_EARLY_DISPUTE | D15: =ST_EARLY_DISPUTE!A6 -> 2 | E15: =ST_EARLY_DISPUTE!B6 -> 0 | F15: =ST_EARLY_DISPUTE!C6 -> 0 | G15: =ST_EARLY_DISPUTE!D6 -> 0 | H15: =ST_EARLY_DISPUTE!E6 -> 2
B16: 6 | C16: =ST_ADMIN_DISPATCH!B2 -> ST_ADMIN_DISPATCH | D16: =ST_ADMIN_DISPATCH!A6 -> 2 | E16: =ST_ADMIN_DISPATCH!B6 -> 0 | F16: =ST_ADMIN_DISPATCH!C6 -> 0 | G16: =ST_ADMIN_DISPATCH!D6 -> 0 | H16: =ST_ADMIN_DISPATCH!E6 -> 2
B17: 7 | C17: =ST_CONCURRENCY!B2 -> ST_CONCURRENCY | D17: =ST_CONCURRENCY!A6 -> 1 | E17: =ST_CONCURRENCY!B6 -> 0 | F17: =ST_CONCURRENCY!C6 -> 0 | G17: =ST_CONCURRENCY!D6 -> 0 | H17: =ST_CONCURRENCY!E6 -> 1
C18: Sub total | D18: =SUM(D11:D17) -> 12 | E18: =SUM(E11:E17) -> 0 | F18: =SUM(F11:F17) -> 0 | G18: =SUM(G11:G17) -> 0 | H18: =SUM(H11:H17) -> 12
C20: Test coverage | E20: =(D18+E18)*100/(H18-G18) -> 100 | F20: %
C21: Test successful coverage | E21: =D18*100/(H18-G18) -> 100 | F21: %
C23: ĐÁNH GIÁ CHẤT LƯỢNG HỆ THỐNG:
C24: ✓ 12/12 System Test Cases đạt kết quả Pass 100%, không còn lỗi tồn đọng.
C25: ✓ Toàn bộ 5 lỗi hệ thống (Bug Log BUG-ST-001 -> 005) đã được khắc phục triệt để và kiểm thử hồi quy thành công.
C26: ✓ Hệ thống GameRent vận hành trơn tru, bảo mật và sẵn sàng triển khai chính thức.

Sheet Bug Log
B2: DANH SÁCH LỖI HỆ THỐNG PHÁT HIỆN TRONG SYSTEM TEST (BUG LOG)
B4: Bug ID | C4: Tiêu đề lỗi (Bug Title) | D4: Mức ưu tiên (Severity / Priority) | E4: Màn hình / File phát sinh | F4: Tester phát hiện | G4: Ngày phát hiện | H4: Mã STC liên quan | I4: Trạng thái (Status) | J4: Mô tả giải pháp khắc phục (Resolution Summary)
B5: BUG-ST-001 | C5: Lỗi đua tài nguyên (Race Condition) cho phép 2 khách hàng cùng bấm thuê trùng 1 tài khoản (Double-booking) | D5: Critical | E5: RentConfirmModal.jsx / rentAccount() | F5: Lê Minh Quân | G5: 21/09/2026 | H5: STC-E2E-12 | I5: Đã sửa (Fixed) | J5: Bổ sung cơ chế Atomic Check & Lock: kiểm tra trạng thái available ngay trước khi ghi đè LocalStorage; nếu acc đã bị thuê trước thì hủy giao dịch và hoàn tiền ví lập tức.
B6: BUG-ST-002 | C6: CountdownTimer bị trôi giây khi người dùng chuyển sang tab trình duyệt khác (Background Tab Throttling) | D6: Medium | E6: CountdownTimer.jsx | F6: Lê Thanh Tùng | G6: 21/09/2026 | H6: STC-E2E-06 | I6: Đã sửa (Fixed) | J6: Loại bỏ cơ chế đếm lùi setInterval trần; chuyển sang đồng bộ mốc thời gian tuyệt đối dựa trên chênh lệch Date.now() và rental.endTime, kèm sự kiện visibilitychange.
B7: BUG-ST-003 | C7: Form thêm tài khoản UC1 cho phép lưu Tên sản phẩm chứa khoảng trắng đầu cuối vượt quá giới hạn 50 ký tự | D7: Medium | E7: AccountInventoryPage.jsx | F7: Lê Hải Đăng | G7: 22/09/2026 | H7: STC-E2E-10 | I7: Đã sửa (Fixed) | J7: Bổ sung hàm .trim() trước khi kiểm tra độ dài chuỗi và trước khi lưu vào CSDL, đảm bảo tuân thủ nghiêm ngặt quy định UC1_Add New Product.
B8: BUG-ST-004 | C8: Nút Sao chép (Copy) mật khẩu in-game không phản hồi khi chạy trên môi trường mạng nội bộ giao thức HTTP | D8: High | E8: MyRentalsPage.jsx | F8: Lê Xuân Đạt | G8: 22/09/2026 | H8: STC-E2E-05 | I8: Đã sửa (Fixed) | J8: Thêm fallback sao chép văn bản bằng document.execCommand('copy') thông qua thẻ textarea ẩn khi navigator.clipboard không khả dụng trên HTTP.
B9: BUG-ST-005 | C9: Người dùng bị Admin khóa tài khoản (isBlocked = true) vẫn có thể đổi mật khẩu qua trang Settings khi còn lưu session cũ | D9: High | E9: SettingsPage.jsx / auth.js | F9: Lê Thanh Tùng | G9: 23/09/2026 | H9: STC-E2E-02 | I9: Đã sửa (Fixed) | J9: Bổ sung bước xác thực cờ isBlocked theo thời gian thực trước mọi hành động cập nhật thông tin cá nhân hoặc đổi mật khẩu; tự động đăng xuất nếu phát hiện tài khoản bị khóa.
